Country Name,Country Code,1960,1961,1962,1963,1964,1965,1966,1967,1968,1969,1970,1971,1972,1973,1974,1975,1976,1977,1978,1979,1980,1981,1982,1983,1984,1985,1986,1987,1988,1989,1990,1991,1992,1993,1994,1995,1996,1997,1998,1999,2000,2001,2002,2003,2004,2005,2006,2007,2008,2009,2010,2011,2012,2013,2014,2015,2016,2017,2018,2019,2020
Aruba,ABW,65.66,66.07,66.44,66.79,67.11,67.44,67.76,68.1,68.44,68.78,69.14,69.5,69.85,70.19,70.52,70.83,71.14,71.44,71.74,72.02,72.29,72.54,72.75,72.93,73.07,73.18,73.26,73.32,73.38,73.42,73.47,73.51,73.54,73.57,73.6,73.62,73.65,73.67,73.7,73.74,73.79,73.85,73.94,74.04,74.16,74.29,74.43,74.58,74.72,74.87,75.02,75.16,75.3,75.44,75.58,75.72,75.87,76.01,76.15,76.29,76.43
Afghanistan,AFG,32.45,32.96,33.47,33.97,34.46,34.95,35.43,35.91,36.4,36.9,37.41,37.93,38.46,39,39.56,40.13,40.72,41.32,41.94,42.58,43.24,43.92,44.62,45.32,46.04,46.76,47.49,48.21,48.93,49.64,50.33,51,51.64,52.26,52.84,53.4,53.92,54.42,54.91,55.38,55.84,56.31,56.78,57.27,57.77,58.29,58.83,59.38,59.93,60.48,61.03,61.55,62.05,62.52,62.97,63.38,63.76,64.13,64.49,64.83,65.17
Angola,AGO,37.52,37.81,38.11,38.43,38.76,39.1,39.45,39.81,40.18,40.55,40.91,41.28,41.65,42.02,42.37,42.72,43.05,43.37,43.66,43.93,44.18,44.4,44.61,44.8,44.97,45.11,45.21,45.28,45.32,45.32,45.31,45.27,45.23,45.2,45.2,45.25,45.35,45.52,45.76,46.09,46.52,47.06,47.7,48.44,49.26,50.16,51.14,52.18,53.24,54.31,55.35,56.33,57.24,58.05,58.78,59.4,59.92,60.38,60.78,61.15,61.49
Albania,ALB,62.28,63.3,64.19,64.91,65.46,65.85,66.11,66.3,66.49,66.69,66.94,67.24,67.58,67.95,68.34,68.74,69.11,69.45,69.74,69.99,70.21,70.42,70.64,70.88,71.13,71.39,71.6,71.76,71.84,71.86,71.84,71.8,71.8,71.86,71.99,72.2,72.5,72.84,73.21,73.59,73.96,74.29,74.58,74.83,75.04,75.23,75.42,75.65,75.91,76.22,76.56,76.91,77.25,77.55,77.81,78.02,78.19,78.33,78.46,78.57,78.69
United Arab Emirates,ARE,51.54,52.56,53.57,54.57,55.56,56.52,57.48,58.43,59.38,60.3,61.22,62.1,62.95,63.76,64.52,65.24,65.92,66.54,67.14,67.69,68.21,68.7,69.16,69.58,69.99,70.36,70.72,71.05,71.36,71.66,71.94,72.21,72.47,72.72,72.96,73.19,73.43,73.66,73.88,74.11,74.33,74.54,74.76,74.97,75.17,75.38,75.57,75.77,75.96,76.14,76.33,76.52,76.71,76.9,77.1,77.28,77.47,77.65,77.81,77.97,78.12
Argentina,ARG,65.06,65.18,65.27,65.35,65.43,65.52,65.64,65.8,65.99,66.22,66.48,66.77,67.08,67.38,67.69,67.98,68.28,68.58,68.89,69.2,69.5,69.78,70.03,70.26,70.47,70.65,70.82,71,71.19,71.38,71.59,71.81,72.03,72.25,72.45,72.65,72.84,73.03,73.21,73.4,73.58,73.76,73.93,74.11,74.28,74.45,74.62,74.79,74.95,75.12,75.28,75.44,75.6,75.76,75.91,76.07,76.22,76.37,76.52,76.67,76.81
Armenia,ARM,65.97,66.4,66.84,67.28,67.72,68.15,68.59,69.02,69.43,69.81,70.14,70.41,70.6,70.72,70.78,70.78,70.78,70.8,70.84,70.9,70.94,70.91,70.78,70.52,70.15,69.7,69.2,68.73,68.33,68.04,67.88,67.87,67.99,68.22,68.54,68.94,69.4,69.91,70.43,70.94,71.41,71.8,72.11,72.35,72.51,72.63,72.72,72.82,72.95,73.12,73.33,73.57,73.82,74.06,74.27,74.47,74.64,74.8,74.94,75.09,75.22
Antigua and Barbuda,ATG,61.97,62.52,63.05,63.54,63.99,64.4,64.76,65.08,65.36,65.62,65.85,66.07,66.28,66.5,66.73,66.98,67.24,67.53,67.84,68.15,68.48,68.82,69.16,69.49,69.82,70.14,70.44,70.73,71,71.27,71.52,71.76,72.01,72.25,72.49,72.73,72.98,73.22,73.46,73.7,73.94,74.17,74.4,74.61,74.82,75.02,75.2,75.38,75.54,75.68,75.82,75.96,76.09,76.22,76.35,76.48,76.62,76.75,76.88,77.02,77.15
Australia,AUS,70.82,70.97,70.94,70.91,70.88,70.85,70.82,70.87,70.92,70.97,71.02,71.07,71.46,71.85,72.24,72.63,73.01,73.34,73.67,74,74.33,74.66,74.9,75.15,75.39,75.63,75.87,76.15,76.43,76.71,76.99,77.28,77.38,77.88,77.88,77.83,78.08,78.48,78.63,78.93,79.23,79.63,79.94,80.24,80.49,80.84,81.04,81.29,81.4,81.54,81.7,81.9,82.05,82.15,82.3,82.4,82.45,82.5,82.75,82.9,83.2
Austria,AUT,68.59,69.58,69.31,69.44,69.92,69.72,70.05,69.92,70.06,69.83,69.91,70.11,70.46,71.01,71.01,71.11,71.57,71.91,72.01,72.31,72.46,72.81,72.96,73.01,73.61,73.81,74.32,74.77,75.22,75.27,75.57,75.62,75.82,76.07,76.42,76.67,76.87,77.32,77.67,77.88,78.13,78.58,78.68,78.63,79.18,79.33,79.88,80.18,80.43,80.33,80.58,80.98,80.94,81.14,81.49,81.19,81.64,81.64,81.69,81.9,81.19
Azerbaijan,AZE,61.03,61.26,61.47,61.68,61.89,62.1,62.32,62.54,62.75,62.95,63.14,63.31,63.46,63.58,63.69,63.78,63.85,63.92,63.99,64.07,64.16,64.28,64.42,64.59,64.76,64.91,65.02,65.05,65.02,64.94,64.83,64.74,64.73,64.81,64.99,65.26,65.57,65.9,66.21,66.49,66.76,67.05,67.39,67.79,68.25,68.75,69.26,69.75,70.2,70.6,70.94,71.23,71.51,71.77,72.02,72.27,72.49,72.69,72.86,73,73.12
Burundi,BDI,41.28,41.59,41.91,42.22,42.54,42.84,43.1,43.33,43.52,43.68,43.84,44.02,44.25,44.53,44.86,45.24,45.63,46,46.33,46.61,46.85,47.08,47.32,47.58,47.84,48.08,48.24,48.3,48.24,48.08,47.83,47.52,47.21,46.95,46.79,46.76,46.9,47.23,47.71,48.34,49.09,49.93,50.81,51.69,52.55,53.37,54.16,54.94,55.72,56.49,57.23,57.92,58.57,59.15,59.66,60.12,60.53,60.9,61.25,61.58,61.92
Belgium,BEL,69.7,70.52,70.22,70.05,70.76,70.63,70.71,71.01,70.69,70.76,70.97,71.06,71.41,71.64,71.99,71.97,72.12,72.77,72.7,73.19,73.21,73.62,73.89,73.87,74.4,74.52,74.73,75.37,75.57,75.63,76.05,76.19,76.35,76.35,76.69,76.84,77.19,77.37,77.47,77.62,77.72,77.97,78.08,78.13,78.88,78.98,79.38,79.78,79.68,80.03,80.18,80.59,80.39,80.59,81.29,80.99,81.44,81.49,81.6,82,80.8
Benin,BEN,37.27,37.73,38.19,38.66,39.13,39.62,40.11,40.61,41.12,41.63,42.15,42.68,43.23,43.78,44.34,44.88,45.4,45.88,46.34,46.76,47.19,47.64,48.14,48.71,49.34,50.03,50.79,51.58,52.37,53.13,53.81,54.37,54.78,55.04,55.17,55.2,55.17,55.13,55.14,55.22,55.39,55.67,56.02,56.44,56.89,57.36,57.82,58.26,58.65,59.01,59.32,59.59,59.84,60.09,60.34,60.61,60.88,61.17,61.47,61.77,62.08
Burkina Faso,BFA,34.43,34.9,35.37,35.85,36.33,36.82,37.29,37.75,38.21,38.65,39.1,39.54,40,40.49,41.02,41.63,42.34,43.17,44.08,45.06,46.05,46.98,47.81,48.49,48.99,49.32,49.49,49.55,49.54,49.5,49.45,49.41,49.37,49.36,49.38,49.44,49.56,49.71,49.91,50.17,50.49,50.89,51.38,51.96,52.6,53.31,54.06,54.84,55.62,56.38,57.1,57.76,58.37,58.94,59.45,59.92,60.35,60.77,61.17,61.58,61.98
Bangladesh,BGD,45.38,45.97,46.56,47.13,47.65,48.05,48.24,48.18,47.89,47.43,46.94,46.59,46.51,46.77,47.4,48.31,49.4,50.5,51.47,52.28,52.9,53.38,53.79,54.22,54.69,55.21,55.77,56.36,56.96,57.57,58.21,58.89,59.62,60.39,61.19,62,62.8,63.55,64.25,64.88,65.45,65.96,66.43,66.89,67.33,67.77,68.21,68.65,69.07,69.48,69.88,70.26,70.61,70.93,71.23,71.51,71.78,72.05,72.32,72.59,72.87
Bulgaria,BGR,69.25,70.2,69.49,70.31,71.12,71.29,71.22,70.41,71.23,70.43,71.26,70.87,70.9,71.34,71.21,71.05,71.39,70.82,71.18,71.31,71.16,71.57,71.19,71.39,71.5,71.23,71.73,71.53,71.6,71.72,71.64,71.56,71.49,71.35,71.21,71.05,70.9,70.35,71.06,71.41,71.66,71.77,71.87,72.07,72.56,72.56,72.61,72.66,72.96,73.41,73.51,74.16,74.31,74.86,74.47,74.61,74.81,74.81,74.96,75.11,73.61
Bahrain,BHR,51.87,53.24,54.59,55.91,57.18,58.39,59.52,60.6,61.61,62.56,63.45,64.28,65.04,65.76,66.42,67.04,67.62,68.15,68.65,69.12,69.55,69.95,70.32,70.65,70.96,71.24,71.5,71.74,71.96,72.18,72.39,72.6,72.8,73.01,73.21,73.41,73.62,73.83,74.03,74.24,74.44,74.64,74.82,75,75.17,75.33,75.48,75.62,75.77,75.91,76.06,76.2,76.34,76.48,76.62,76.76,76.9,77.03,77.16,77.29,77.42
"Bahamas, The",BHS,64.74,64.88,65.01,65.12,65.22,65.31,65.4,65.5,65.61,65.73,65.87,66.03,66.21,66.4,66.59,66.78,66.96,67.12,67.25,67.37,67.49,67.62,67.77,67.96,68.2,68.47,68.79,69.14,69.5,69.85,70.2,70.52,70.81,71.06,71.28,71.45,71.59,71.7,71.79,71.86,71.91,71.95,71.98,71.99,71.99,71.99,71.99,72,72.02,72.07,72.14,72.26,72.42,72.62,72.85,73.09,73.33,73.55,73.75,73.92,74.05
Bosnia and Herzegovina,BIH,60.35,61.02,61.65,62.24,62.82,63.38,63.94,64.5,65.06,65.62,66.19,66.76,67.32,67.87,68.39,68.87,69.3,69.66,69.95,70.19,70.4,70.6,70.82,71.06,71.32,71.53,71.65,71.63,71.46,71.18,70.88,70.64,70.58,70.72,71.09,71.64,72.31,72.98,73.57,74.05,74.4,74.64,74.8,74.94,75.07,75.2,75.34,75.5,75.66,75.84,76.03,76.22,76.4,76.57,76.72,76.86,77,77.13,77.26,77.4,77.54
Belarus,BLR,67.71,68.21,68.64,68.99,69.29,69.54,69.73,69.88,69.98,70.05,70.08,70.09,70.09,70.08,70.07,70.05,70.02,69.97,69.91,69.84,69.8,69.82,69.91,70.06,70.27,70.99,71.55,70.99,71.34,71.48,70.84,70.38,70.02,68.97,68.77,68.46,68.51,68.46,68.41,67.91,68.91,68.51,68.06,68.55,68.96,68.85,69.4,70.21,70.46,70.41,70.4,70.55,71.97,72.47,72.97,73.62,73.83,74.13,74.18,74.23,74.23
Belize,BLZ,59.98,60.53,61.09,61.66,62.24,62.82,63.4,63.97,64.52,65.06,65.57,66.05,66.5,66.94,67.35,67.75,68.14,68.51,68.87,69.23,69.58,69.92,70.26,70.58,70.86,71.11,71.29,71.4,71.44,71.39,71.24,71,70.66,70.27,69.84,69.44,69.1,68.86,68.73,68.73,68.85,69.04,69.27,69.51,69.75,70,70.29,70.64,71.06,71.54,72.06,72.57,73.04,73.45,73.78,74.03,74.22,74.36,74.5,74.62,74.75
Bermuda,BMU,,,,,,68.9,,,,,70.29,,,,,,,,,,72.3,,,,,,,,,,,74.03,,,,,,,,,77.89,77.89,78.09,78.33,78.49,78.69,78.89,78.93,79.24,79.39,79.29,81.15,81.68,80.57,80.8,81.01,81.23,81.44,81.65,81.87,82.06
Bolivia,BOL,41.82,42.15,42.49,42.84,43.2,43.57,43.95,44.34,44.74,45.15,45.57,46,46.44,46.89,47.36,47.83,48.31,48.81,49.31,49.82,50.35,50.88,51.43,51.98,52.54,53.12,53.7,54.28,54.88,55.49,56.1,56.72,57.35,57.99,58.63,59.28,59.92,60.57,61.2,61.84,62.45,63.05,63.64,64.21,64.77,65.31,65.85,66.4,66.94,67.48,68.01,68.52,69.01,69.47,69.89,70.28,70.63,70.94,71.24,71.51,71.77
Brazil,BRA,54.14,54.63,55.13,55.63,56.12,56.61,57.09,57.56,58.02,58.48,58.91,59.33,59.74,60.13,60.51,60.88,61.24,61.6,61.94,62.29,62.63,62.98,63.33,63.68,64.04,64.41,64.78,65.16,65.55,65.95,66.34,66.74,67.14,67.54,67.93,68.32,68.7,69.06,69.42,69.77,70.12,70.46,70.81,71.17,71.53,71.9,72.26,72.62,72.97,73.3,73.62,73.92,74.21,74.48,74.74,74.99,75.23,75.46,75.67,75.88,76.08
Barbados,BRB,64.47,65.2,65.83,66.38,66.86,67.28,67.63,67.93,68.19,68.42,68.65,68.89,69.15,69.44,69.76,70.11,70.51,70.93,71.36,71.8,72.22,72.62,72.98,73.3,73.58,73.82,74.03,74.21,74.37,74.53,74.7,74.89,75.1,75.33,75.58,75.85,76.13,76.41,76.68,76.93,77.16,77.36,77.53,77.68,77.81,77.92,78.01,78.1,78.18,78.27,78.36,78.46,78.55,78.63,78.72,78.8,78.89,78.98,79.08,79.19,79.31
Brunei Darussalam,BRN,54.81,55.81,56.8,57.76,58.64,59.43,60.15,60.8,61.42,62.01,62.58,63.13,63.67,64.2,64.71,65.21,65.7,66.16,66.61,67.03,67.42,67.79,68.12,68.42,68.7,68.96,69.21,69.45,69.69,69.94,70.18,70.44,70.7,70.95,71.21,71.46,71.73,71.99,72.26,72.54,72.81,73.08,73.33,73.58,73.8,74.01,74.19,74.35,74.49,74.62,74.74,74.85,74.96,75.08,75.19,75.32,75.45,75.58,75.72,75.86,76
Bhutan,BTN,34.53,34.89,35.29,35.73,36.22,36.74,37.3,37.88,38.47,39.06,39.64,40.19,40.74,41.26,41.78,42.31,42.86,43.45,44.08,44.75,45.46,46.2,46.95,47.7,48.44,49.17,49.9,50.63,51.37,52.12,52.88,53.63,54.38,55.13,55.88,56.64,57.42,58.24,59.09,59.97,60.88,61.81,62.73,63.62,64.48,65.29,66.03,66.71,67.32,67.88,68.38,68.84,69.26,69.66,70.05,70.42,70.78,71.13,71.46,71.78,72.08
Botswana,BWA,49.18,49.68,50.17,50.64,51.1,51.55,51.99,52.44,52.88,53.35,53.82,54.33,54.85,55.4,55.96,56.52,57.09,57.65,58.19,58.69,59.17,59.65,60.11,60.54,60.92,61.17,61.23,61.06,60.65,60.02,59.19,58.23,57.22,56.22,55.28,54.41,53.57,52.75,51.95,51.21,50.63,50.28,50.23,50.52,51.15,52.13,53.44,54.98,56.68,58.45,60.21,61.91,63.51,64.98,66.26,67.34,68.18,68.81,69.28,69.59,69.79
Canada,CAN,71.13,71.35,71.37,71.38,71.78,71.87,72,72.21,72.35,72.5,72.7,73.03,72.93,73.16,73.24,73.52,73.86,74.22,74.53,74.87,75.08,75.46,75.76,76.07,76.22,76.37,76.52,76.72,76.92,77.12,77.42,77.62,77.72,77.82,77.83,78.03,78.18,78.43,78.63,78.89,79.14,79.34,79.49,79.74,79.89,80.19,80.34,80.54,80.7,81,81.25,81.45,81.65,81.75,81.8,81.9,81.9,81.9,82.05,82.05,81.75
Switzerland,CHE,71.31,71.64,71.2,71.19,72.08,72.2,72.34,72.64,72.59,72.61,73.02,73.13,73.64,73.94,74.29,74.67,74.79,75.24,75.19,75.47,75.46,75.69,76.03,76.03,76.61,76.73,76.9,77.2,77.23,77.42,77.24,77.51,77.81,78.09,78.35,78.42,78.9,79.08,79.32,79.58,79.68,80.18,80.39,80.54,81.09,81.24,81.49,81.74,81.99,82.04,82.25,82.7,82.7,82.8,83.2,82.9,83.6,83.55,83.75,83.9,83.1
Chile,CHL,57.22,57.62,58.03,58.47,58.93,59.42,59.93,60.47,61.04,61.64,62.25,62.9,63.56,64.23,64.92,65.61,66.31,67,67.7,68.38,69.03,69.66,70.24,70.78,71.28,71.74,72.15,72.52,72.87,73.2,73.51,73.81,74.1,74.39,74.67,74.96,75.24,75.53,75.81,76.09,76.37,76.63,76.89,77.15,77.39,77.63,77.86,78.1,78.33,78.56,78.78,78.99,79.18,79.35,79.5,79.65,79.78,79.91,80.04,80.18,80.33
China,CHN,43.72,44.05,44.78,45.97,47.59,49.55,51.7,53.85,55.84,57.6,59.08,60.3,61.34,62.28,63.13,63.92,64.63,65.28,65.86,66.38,66.84,67.26,67.63,67.95,68.23,68.47,68.67,68.83,68.95,69.05,69.14,69.24,69.36,69.5,69.67,69.88,70.14,70.43,70.74,71.06,71.4,71.73,72.06,72.38,72.69,72.98,73.27,73.55,73.84,74.12,74.41,74.71,75.01,75.32,75.63,75.93,76.21,76.47,76.7,76.91,77.1
Cote d'Ivoire,CIV,36.1,36.95,37.78,38.58,39.36,40.12,40.87,41.65,42.45,43.28,44.12,44.98,45.82,46.64,47.42,48.15,48.82,49.46,50.04,50.58,51.07,51.52,51.94,52.31,52.64,52.92,53.14,53.29,53.36,53.35,53.25,53.06,52.78,52.42,52.01,51.57,51.11,50.66,50.24,49.89,49.64,49.5,49.48,49.57,49.79,50.12,50.56,51.09,51.68,52.31,52.96,53.62,54.27,54.91,55.51,56.06,56.57,57.02,57.42,57.78,58.1
Cameroon,CMR,41.78,42.26,42.72,43.18,43.64,44.1,44.56,45.02,45.51,46.01,46.52,47.05,47.59,48.14,48.68,49.2,49.72,50.21,50.68,51.12,51.54,51.93,52.31,52.67,53,53.27,53.48,53.59,53.61,53.54,53.36,53.09,52.74,52.34,51.94,51.55,51.24,51.01,50.88,50.88,50.99,51.22,51.54,51.91,52.32,52.76,53.22,53.68,54.15,54.63,55.1,55.58,56.07,56.58,57.08,57.58,58.06,58.51,58.92,59.29,59.63
"Congo, Dem. Rep.",COD,41.1,41.31,41.53,41.76,42,42.26,42.55,42.87,43.21,43.56,43.92,44.25,44.54,44.8,45.03,45.22,45.41,45.61,45.83,46.09,46.36,46.65,46.94,47.21,47.46,47.7,47.96,48.22,48.5,48.79,49.04,49.22,49.31,49.3,49.22,49.11,49.04,49.07,49.23,49.56,50.04,50.67,51.38,52.14,52.92,53.68,54.4,55.09,55.74,56.35,56.91,57.43,57.91,58.38,58.83,59.25,59.66,60.03,60.37,60.68,60.97
"Congo, Rep.",COG,45.72,46.34,46.93,47.49,48.02,48.52,48.99,49.45,49.89,50.31,50.72,51.13,51.51,51.89,52.25,52.6,52.94,53.28,53.61,53.93,54.23,54.51,54.76,54.98,55.15,55.26,55.29,55.25,55.12,54.92,54.64,54.28,53.87,53.42,52.98,52.58,52.25,52.02,51.9,51.92,52.12,52.52,53.09,53.82,54.67,55.6,56.57,57.54,58.47,59.32,60.09,60.78,61.42,62.02,62.58,63.1,63.56,63.95,64.29,64.57,64.8
Colombia,COL,57.27,57.81,58.33,58.82,59.31,59.78,60.26,60.73,61.2,61.68,62.15,62.63,63.1,63.58,64.05,64.52,64.99,65.48,65.96,66.45,66.93,67.38,67.8,68.19,68.53,68.82,69.06,69.27,69.44,69.59,69.75,69.94,70.16,70.43,70.75,71.11,71.5,71.89,72.26,72.62,72.94,73.24,73.52,73.78,74.03,74.26,74.5,74.73,74.96,75.19,75.42,75.66,75.88,76.1,76.32,76.53,76.73,76.92,77.11,77.29,77.46
Comoros,COM,41.45,41.85,42.24,42.64,43.04,43.45,43.86,44.28,44.72,45.18,45.64,46.1,46.56,47,47.44,47.89,48.36,48.86,49.41,49.99,50.62,51.26,51.92,52.58,53.22,53.84,54.45,55.03,55.6,56.15,56.68,57.17,57.62,58.04,58.41,58.72,58.97,59.16,59.29,59.39,59.46,59.53,59.62,59.74,59.9,60.13,60.41,60.73,61.09,61.48,61.86,62.24,62.6,62.92,63.21,63.47,63.7,63.91,64.12,64.32,64.52
Cabo Verde,CPV,48.46,48.66,48.94,49.32,49.8,50.34,50.93,51.53,52.12,52.7,53.3,53.97,54.74,55.63,56.61,57.63,58.63,59.54,60.31,60.94,61.42,61.79,62.1,62.39,62.69,63,63.34,63.68,64.02,64.35,64.68,64.99,65.3,65.6,65.9,66.22,66.6,67.03,67.51,68.04,68.58,69.1,69.56,69.93,70.22,70.42,70.56,70.68,70.79,70.91,71.06,71.24,71.44,71.66,71.89,72.12,72.35,72.57,72.78,72.98,73.17
Costa Rica,CRI,60.38,61.02,61.64,62.24,62.81,63.35,63.86,64.36,64.85,65.34,65.84,66.38,66.94,67.54,68.17,68.82,69.5,70.18,70.85,71.5,72.11,72.68,73.19,73.66,74.07,74.43,74.74,75.01,75.24,75.46,75.65,75.84,76.03,76.21,76.39,76.58,76.76,76.95,77.12,77.29,77.45,77.6,77.74,77.87,78,78.12,78.24,78.36,78.49,78.63,78.77,78.92,79.07,79.23,79.4,79.56,79.74,79.91,80.1,80.28,80.46
Cuba,CUB,63.83,64.45,65.07,65.7,66.33,66.96,67.57,68.17,68.74,69.29,69.81,70.31,70.79,71.26,71.71,72.14,72.54,72.92,73.25,73.54,73.79,74,74.18,74.32,74.43,74.51,74.57,74.6,74.61,74.62,74.64,74.7,74.8,74.96,75.16,75.41,75.69,75.96,76.23,76.48,76.7,76.9,77.1,77.3,77.5,77.69,77.86,78.02,78.15,78.26,78.34,78.4,78.45,78.48,78.52,78.56,78.61,78.66,78.73,78.8,78.89
Curacao,CUW,,,,,,,,,,,,,,,,,,,,,,,,,,,,,,,,,,,,,,,,,,,,,,,74.71,75.36,75.31,76.16,,77.47,77.52,77.83,77.98,78.08,77.72,78.02,,,
Cayman Islands,CYM,,,,,,,,,,,,,,,,,,,,,,,,,,,,,,,,,,,,,,,,,,,,,,,,,,,82.19,,,,,,,,,,
Cyprus,CYP,69.62,69.95,70.27,70.59,70.9,71.2,71.49,71.78,72.05,72.32,72.58,72.82,73.07,73.3,73.53,73.75,73.97,74.18,74.39,74.59,74.79,74.98,75.17,75.36,75.54,75.72,75.89,76.06,76.23,76.39,76.55,76.71,76.87,77.02,77.17,77.31,77.46,77.6,77.74,77.88,78.01,78.14,78.26,78.38,78.51,78.63,78.76,78.91,79.07,79.24,79.43,79.62,79.81,80,80.18,80.35,80.51,80.67,80.83,80.98,81.14
Czechia,CZE,70.35,70.51,69.79,70.3,70.46,70.16,70.38,70.26,69.84,69.37,69.44,69.68,70.18,70.02,70.09,70.41,70.53,70.57,70.64,70.75,70.28,70.72,70.81,70.59,70.84,71.05,71,71.45,71.64,71.68,71.38,71.9,72.27,72.77,72.97,73.07,73.71,73.82,74.51,74.67,74.97,75.17,75.22,75.17,75.72,75.92,76.52,76.72,76.98,77.08,77.42,77.87,78.08,78.18,78.82,78.58,79.03,78.98,79.03,79.23,78.23
Germany,DEU,69.31,69.51,69.69,69.86,70.01,70.15,70.27,70.37,70.47,70.55,70.64,70.74,70.87,71.02,71.2,71.4,71.63,71.88,72.14,72.41,72.68,72.95,73.23,73.51,73.78,74.05,74.31,74.56,74.79,75.01,75.23,75.32,75.82,75.87,76.27,76.42,76.67,77.07,77.48,77.73,77.93,78.33,78.23,78.38,78.68,78.93,79.13,79.53,79.74,79.84,79.99,80.44,80.54,80.49,81.09,80.64,80.99,80.99,80.89,81.29,80.94
Djibouti,DJI,44.04,44.47,44.89,45.31,45.73,46.17,46.65,47.2,47.81,48.48,49.16,49.83,50.44,50.98,51.44,51.83,52.18,52.51,52.86,53.24,53.64,54.05,54.45,54.83,55.17,55.49,55.77,56.03,56.27,56.49,56.68,56.83,56.94,57.02,57.06,57.06,57.05,57.02,57,56.99,57.02,57.1,57.24,57.43,57.68,57.99,58.34,58.72,59.12,59.56,60.06,60.67,61.4,62.24,63.17,64.14,65.06,65.89,66.58,67.11,67.49
Dominica,DMA,,,,,,,,,,,,,,,,,,,,,,,71.46,,,,,71.96,,,,,73.95,,,,,75.95,,,,,76.6,,,,,,,,,,,,,,,,,,
Denmark,DNK,72.18,72.44,72.32,72.4,72.49,72.37,72.44,72.92,73.12,73.22,73.34,73.41,73.44,73.68,73.81,74.08,73.74,74.63,74.39,74.22,74.1,74.23,74.55,74.42,74.56,74.43,74.58,74.69,74.77,74.8,74.81,75.16,75.19,75.12,75.38,75.21,75.59,75.95,76.14,76.34,76.59,76.79,76.9,77.14,77.49,77.84,78.1,78.2,78.45,78.6,79.1,79.8,80.05,80.3,80.7,80.7,80.85,81.1,80.95,81.45,81.55
Dominican Republic,DOM,51.6,52.31,53,53.68,54.34,54.99,55.64,56.27,56.89,57.5,58.09,58.67,59.23,59.76,60.28,60.76,61.23,61.66,62.08,62.48,62.86,63.23,63.6,63.96,64.33,64.69,65.06,65.44,65.82,66.2,66.57,66.93,67.27,67.59,67.89,68.16,68.42,68.68,68.92,69.18,69.43,69.69,69.96,70.23,70.5,70.77,71.04,71.3,71.56,71.81,72.05,72.28,72.52,72.76,73,73.24,73.47,73.69,73.89,74.08,74.26
Algeria,DZA,46.14,46.6,47.06,47.51,47.96,48.39,48.81,49.21,49.6,49.98,50.37,50.77,51.2,51.68,52.22,52.87,53.66,54.61,55.7,56.91,58.2,59.52,60.81,62.03,63.13,64.09,64.88,65.54,66.1,66.55,66.94,67.27,67.58,67.88,68.19,68.54,68.92,69.32,69.74,70.18,70.64,71.12,71.6,72.1,72.59,73.07,73.52,73.94,74.31,74.64,74.94,75.2,75.44,75.66,75.88,76.09,76.3,76.5,76.69,76.88,77.06
Ecuador,ECU,52.98,53.55,54.1,54.64,55.16,55.67,56.17,56.68,57.18,57.69,58.2,58.72,59.23,59.74,60.26,60.77,61.3,61.83,62.38,62.94,63.51,64.09,64.67,65.25,65.81,66.37,66.91,67.44,67.94,68.43,68.9,69.35,69.78,70.19,70.59,70.97,71.35,71.72,72.08,72.42,72.76,73.08,73.37,73.64,73.89,74.11,74.32,74.51,74.7,74.9,75.09,75.29,75.5,75.71,75.92,76.14,76.36,76.58,76.8,77.01,77.22
"Egypt, Arab Rep.",EGY,48.04,48.61,49.13,49.63,50.1,50.54,50.94,51.29,51.59,51.86,52.15,52.48,52.89,53.41,54.02,54.72,55.46,56.22,56.96,57.66,58.33,59,59.67,60.37,61.09,61.81,62.49,63.11,63.66,64.14,64.57,64.98,65.39,65.83,66.3,66.78,67.25,67.68,68.05,68.36,68.6,68.8,68.96,69.12,69.27,69.43,69.61,69.79,69.97,70.16,70.35,70.54,70.74,70.93,71.12,71.3,71.48,71.66,71.82,71.99,72.15
Eritrea,ERI,38.42,39.08,39.69,40.26,40.77,41.22,41.63,42.02,42.39,42.77,43.16,43.54,43.93,44.32,44.69,45.05,45.4,45.74,46.06,46.36,46.65,46.93,47.19,47.44,47.7,47.96,48.23,48.52,48.84,49.19,49.59,50.04,50.54,51.1,51.7,52.32,52.94,53.55,54.14,54.71,55.27,55.86,56.5,57.19,57.93,58.71,59.49,60.24,60.95,61.6,62.19,62.73,63.24,63.73,64.2,64.66,65.11,65.54,65.94,66.32,66.68
Spain,ESP,69.11,69.48,69.52,69.68,70.4,70.81,71.06,71.25,71.54,71.06,72.03,71.63,72.82,72.61,72.97,73.32,73.64,74.13,74.3,74.82,75.35,75.53,76.13,75.91,76.3,76.26,76.51,76.73,76.75,76.81,76.84,76.97,77.41,77.55,77.9,77.98,78.12,78.6,78.67,78.72,78.97,79.37,79.57,79.62,79.87,80.17,80.82,80.87,81.18,81.48,81.63,82.48,82.43,83.08,83.23,82.83,83.33,83.28,83.43,83.83,82.33
Estonia,EST,67.9,68.36,68.74,69.05,69.31,69.52,69.68,69.8,69.88,69.93,69.94,69.91,69.83,69.72,69.59,69.44,69.29,69.15,69.03,68.94,68.91,68.98,69.13,69.38,69.28,69.38,70.09,70.64,70.7,70.04,69.48,69.37,68.86,67.91,66.5,67.54,69.61,69.81,69.36,70.06,70.42,70.26,70.9,71.32,71.91,72.57,72.69,72.81,73.77,74.82,75.43,76.23,76.33,77.14,77.03,77.59,77.64,78.09,78.24,78.65,78.35
Ethiopia,ETH,38.42,39.08,39.71,40.29,40.81,41.27,41.67,42.03,42.36,42.66,42.94,43.21,43.46,43.69,43.89,44.04,44.12,44.1,44.02,43.88,43.75,43.68,43.71,43.88,44.2,44.63,45.15,45.68,46.19,46.67,47.1,47.5,47.91,48.34,48.81,49.3,49.81,50.32,50.84,51.37,51.94,52.6,53.35,54.21,55.17,56.22,57.33,58.47,59.58,60.64,61.63,62.5,63.28,63.96,64.55,65.05,65.48,65.87,66.24,66.6,66.95
Finland,FIN,68.82,68.84,68.58,69.01,69.22,68.98,69.48,69.67,69.62,69.5,70.18,70.02,70.71,71.22,71.13,71.67,71.81,72.35,72.9,73.16,73.44,73.75,74.3,74.2,74.52,74.22,74.56,74.59,74.58,74.79,74.81,75.23,75.46,75.71,76.4,76.41,76.69,76.88,77.09,77.29,77.47,77.97,78.12,78.37,78.71,78.82,79.21,79.26,79.57,79.72,79.87,80.47,80.63,80.98,81.18,81.48,81.43,81.63,81.73,81.98,82.13
Fiji,FJI,60.81,61.17,61.48,61.74,61.97,62.16,62.3,62.4,62.46,62.48,62.49,62.51,62.56,62.63,62.75,62.91,63.11,63.33,63.55,63.78,64,64.22,64.44,64.65,64.86,65.04,65.19,65.3,65.36,65.39,65.38,65.34,65.28,65.22,65.17,65.15,65.18,65.25,65.36,65.51,65.69,65.86,66.02,66.15,66.25,66.31,66.36,66.41,66.48,66.56,66.66,66.76,66.86,66.95,67.03,67.1,67.18,67.25,67.34,67.44,67.56
France,FRA,69.87,70.12,70.31,70.51,70.66,70.81,70.96,71.16,71.31,71.46,71.66,71.91,72.11,72.36,72.6,72.85,73.1,73.35,73.6,73.85,74.05,74.3,74.5,74.8,75,75.3,75.6,75.8,76.1,76.35,76.6,76.85,77.1,77.3,77.65,77.75,77.95,78.3,78.6,78.76,79.06,79.16,79.26,79.11,80.16,80.16,80.81,81.11,81.21,81.41,81.66,82.11,81.97,82.22,82.72,82.32,82.57,82.58,82.68,82.83,82.18
Faroe Islands,FRO,,,,,,,,,,,,,,74.5,,,,,75.99,,,,,,,,75.27,75.47,75.71,75.91,76.11,76.36,76.61,76.91,77.17,77.37,77.57,77.82,78.03,78.23,78.44,78.64,78.84,78.94,79.09,79.29,79.64,79.99,80.14,80.39,80.69,80.94,81.19,81.44,81.59,81.79,82.09,82.29,82.54,82.79,83.09
"Micronesia, Fed. Sts.",FSM,54.51,54.95,55.4,55.84,56.28,56.72,57.15,57.58,58.01,58.43,58.85,59.26,59.68,60.08,60.47,60.85,61.21,61.54,61.83,62.1,62.33,62.53,62.69,62.83,62.96,63.06,63.17,63.27,63.38,63.49,63.6,63.72,63.81,63.9,63.98,64.05,64.12,64.2,64.3,64.41,64.55,64.71,64.89,65.08,65.28,65.49,65.7,65.9,66.1,66.29,66.47,66.65,66.82,66.99,67.15,67.32,67.47,67.62,67.76,67.88,68
Gabon,GAB,39.69,40.08,40.56,41.15,41.85,42.65,43.53,44.44,45.36,46.26,47.12,47.97,48.79,49.61,50.42,51.23,52.04,52.85,53.65,54.45,55.25,56.06,56.87,57.67,58.44,59.15,59.77,60.27,60.63,60.86,60.96,60.94,60.83,60.66,60.44,60.18,59.85,59.48,59.07,58.65,58.26,57.97,57.79,57.76,57.88,58.18,58.64,59.23,59.9,60.64,61.4,62.17,62.92,63.65,64.32,64.91,65.42,65.84,66.19,66.47,66.69
United Kingdom,GBR,71.13,70.88,70.93,70.83,71.62,71.62,71.57,72.12,71.72,71.72,71.97,72.27,72.12,72.32,72.52,72.72,72.78,73.22,73.18,73.28,73.68,74.03,74.18,74.38,74.78,74.63,74.93,75.28,75.38,75.58,75.88,76.08,76.43,76.39,76.89,76.84,77.09,77.21,77.19,77.39,77.74,77.99,78.14,78.45,78.75,79.05,79.25,79.45,79.6,80.05,80.4,80.95,80.9,81,81.3,80.96,81.16,81.26,81.26,81.2,80.9
Georgia,GEO,63.65,64.06,64.47,64.88,65.29,65.69,66.08,66.46,66.8,67.14,67.45,67.77,68.08,68.4,68.72,69.01,69.27,69.46,69.59,69.66,69.7,69.73,69.77,69.84,69.95,70.09,70.23,70.34,70.41,70.42,70.39,70.29,70.16,70,69.85,69.72,69.64,69.61,69.65,69.76,69.9,70.06,70.22,70.35,70.45,70.54,70.64,70.76,70.95,71.18,71.46,71.77,72.1,72.41,72.71,72.97,73.21,73.41,73.6,73.77,73.92
Ghana,GHA,45.84,46.28,46.7,47.09,47.47,47.82,48.16,48.47,48.77,49.06,49.34,49.62,49.91,50.21,50.51,50.81,51.11,51.41,51.7,51.98,52.28,52.58,52.92,53.29,53.68,54.13,54.62,55.16,55.72,56.27,56.78,57.18,57.46,57.6,57.62,57.53,57.37,57.19,57.04,56.97,57,57.16,57.42,57.78,58.22,58.72,59.23,59.74,60.22,60.64,61.03,61.38,61.72,62.06,62.42,62.77,63.12,63.46,63.78,64.07,64.35
Guinea,GIN,34.89,35.09,35.27,35.43,35.59,35.74,35.89,36.05,36.22,36.42,36.66,36.93,37.26,37.62,38.04,38.5,39,39.53,40.08,40.67,41.3,42,42.78,43.64,44.56,45.52,46.5,47.47,48.4,49.25,49.99,50.59,51.07,51.41,51.64,51.74,51.73,51.62,51.46,51.3,51.2,51.26,51.48,51.9,52.5,53.24,54.05,54.86,55.61,56.28,56.86,57.39,57.9,58.45,59.02,59.6,60.17,60.71,61.18,61.6,61.96
"Gambia, The",GMB,32.05,32.34,32.67,33.07,33.54,34.1,34.74,35.44,36.21,37.02,37.87,38.73,39.61,40.48,41.35,42.2,43.05,43.88,44.71,45.53,46.34,47.13,47.9,48.64,49.35,50,50.58,51.08,51.52,51.89,52.22,52.53,52.83,53.16,53.51,53.89,54.3,54.72,55.13,55.55,55.96,56.36,56.76,57.16,57.55,57.94,58.31,58.67,59.01,59.33,59.64,59.92,60.18,60.43,60.67,60.91,61.17,61.44,61.74,62.05,62.38
Guinea-Bissau,GNB,37.48,37.75,38.04,38.35,38.67,39,39.34,39.68,40.01,40.33,40.65,40.96,41.28,41.6,41.92,42.26,42.61,42.97,43.33,43.7,44.06,44.4,44.73,45.05,45.34,45.63,45.91,46.19,46.48,46.78,47.1,47.41,47.73,48.04,48.35,48.66,48.97,49.3,49.64,50,50.37,50.74,51.12,51.5,51.88,52.28,52.69,53.14,53.61,54.11,54.63,55.14,55.64,56.12,56.56,56.96,57.33,57.67,58,58.32,58.63
Equatorial Guinea,GNQ,36.54,36.87,37.21,37.54,37.87,38.2,38.54,38.87,39.2,39.52,39.85,40.16,40.45,40.73,41.02,41.34,41.74,42.22,42.79,43.44,44.13,44.82,45.47,46.04,46.53,46.94,47.29,47.63,47.98,48.36,48.78,49.23,49.71,50.2,50.69,51.18,51.66,52.11,52.54,52.93,53.28,53.58,53.84,54.06,54.26,54.45,54.64,54.84,55.07,55.33,55.62,55.94,56.29,56.64,57,57.36,57.71,58.06,58.4,58.74,59.06
Greece,GRC,68.16,68.55,68.89,69.19,69.43,69.64,69.84,70.05,70.3,70.59,70.9,71.23,71.54,71.81,72.06,72.29,72.52,72.76,73.03,73.33,73.65,73.97,74.28,74.57,74.83,75.08,75.33,75.6,75.89,76.69,76.94,77.14,77.38,77.39,77.64,77.59,77.69,78.14,77.84,77.99,77.89,78.39,78.64,78.84,79.04,79.24,79.44,79.44,79.94,80.19,80.39,80.73,80.63,81.29,81.39,81.04,81.39,81.29,81.79,81.64,81.09
Grenada,GRD,62.23,62.66,63.06,63.45,63.82,64.16,64.48,64.79,65.08,65.35,65.62,65.88,66.14,66.4,66.65,66.9,67.13,67.35,67.54,67.72,67.88,68.01,68.13,68.23,68.34,68.46,68.61,68.8,69.02,69.29,69.6,69.94,70.3,70.66,71.02,71.36,71.67,71.96,72.23,72.46,72.65,72.8,72.93,73.02,73.09,73.12,73.12,73.1,73.04,72.96,72.87,72.77,72.67,72.58,72.5,72.44,72.41,72.39,72.38,72.4,72.43
Greenland,GRL,,,,,,,,,,,,,,,,,,,63.41,63.95,63.45,63.07,63.19,63.3,63.47,63.83,64.25,64.65,64.58,64.67,65.07,65.03,65.2,65.59,65.9,65.64,65.77,65.8,66.16,66.36,66.22,66.71,67.2,68.11,68.59,68.43,68.67,69.37,70.02,70.53,70.29,69.85,70.55,71.57,71.99,71.98,71.83,71.58,71.89,72.05,71.4
Guatemala,GTM,46.7,47.22,47.75,48.3,48.86,49.43,50.03,50.65,51.27,51.89,52.5,53.09,53.65,54.18,54.68,55.14,55.58,56,56.42,56.84,57.27,57.72,58.18,58.66,59.15,59.66,60.18,60.69,61.21,61.74,62.26,62.8,63.35,63.92,64.5,65.09,65.68,66.26,66.82,67.35,67.85,68.3,68.72,69.09,69.44,69.76,70.08,70.41,70.75,71.11,71.48,71.86,72.24,72.6,72.94,73.25,73.54,73.81,74.06,74.3,74.53
Guam,GUM,60.97,61.48,61.99,62.48,62.97,63.44,63.91,64.36,64.8,65.24,65.66,66.07,66.47,66.86,67.24,67.6,67.95,68.29,68.62,68.95,69.26,69.57,69.86,70.15,70.43,70.7,70.96,71.21,71.45,71.69,71.92,72.17,72.42,72.68,72.97,73.27,73.59,73.93,74.28,74.65,75.01,75.37,75.73,76.06,76.39,76.69,76.97,77.23,77.47,77.71,77.94,78.17,78.41,78.65,78.9,79.14,79.39,79.63,79.86,80.07,80.28
Guyana,GUY,60.26,60.44,60.62,60.8,60.98,61.16,61.32,61.46,61.59,61.7,61.79,61.87,61.94,62,62.07,62.14,62.21,62.28,62.36,62.43,62.5,62.56,62.63,62.68,62.74,62.8,62.87,62.95,63.05,63.16,63.29,63.43,63.58,63.73,63.89,64.06,64.26,64.47,64.7,64.96,65.24,65.53,65.83,66.12,66.41,66.69,66.97,67.25,67.52,67.79,68.06,68.32,68.58,68.82,69.05,69.26,69.45,69.62,69.77,69.91,70.02
"Hong Kong SAR, China",HKG,66.96,67.55,68.11,68.63,69.1,69.54,69.95,70.33,70.69,71.04,71.39,71.46,71.46,72.11,72.61,73.37,72.82,73.32,73.58,73.67,74.67,75.32,75.43,75.28,76.03,76.43,76.69,76.88,77.08,77.03,77.38,77.88,77.68,78.03,78.53,78.68,79.63,80.13,80.13,80.38,80.88,81.42,81.43,81.38,81.83,81.63,82.38,82.33,82.38,82.78,82.98,83.42,83.48,83.83,83.98,84.28,84.23,84.68,84.93,85.08,85.39
Honduras,HND,46.27,46.95,47.62,48.28,48.93,49.55,50.15,50.74,51.33,51.92,52.52,53.14,53.78,54.44,55.12,55.83,56.57,57.32,58.08,58.85,59.63,60.43,61.24,62.05,62.86,63.64,64.38,65.06,65.68,66.23,66.72,67.18,67.6,68.03,68.45,68.87,69.28,69.68,70.04,70.38,70.69,70.98,71.25,71.51,71.77,72.03,72.28,72.54,72.8,73.06,73.32,73.57,73.81,74.05,74.28,74.5,74.7,74.9,75.09,75.27,75.45
Croatia,HRV,64.61,65.02,65.41,65.79,66.15,66.51,66.86,67.21,67.55,67.88,68.2,68.5,68.78,69.03,69.25,70,70.46,70.74,70.54,70.43,70.18,70.34,70.48,70.27,70.22,70.89,71.42,71.47,71.49,71.84,72.17,72.19,71.24,71.52,71.8,72.08,72.37,72.5,72.32,72.64,72.81,74.51,74.72,74.61,75.52,75.24,75.84,75.71,75.91,76.17,76.48,76.78,76.92,77.13,77.48,77.28,78.02,77.83,78.07,78.42,77.72
Haiti,HTI,41.76,42.18,42.59,43,43.41,43.84,44.27,44.7,45.13,45.57,46.03,46.51,47.02,47.56,48.12,48.68,49.23,49.75,50.22,50.64,51.01,51.35,51.67,51.99,52.31,52.64,52.97,53.3,53.63,53.95,54.26,54.58,54.89,55.21,55.52,55.83,56.12,56.39,56.65,56.89,57.13,57.38,57.66,57.96,58.29,58.65,59.03,59.41,59.78,60.15,60.51,60.88,61.26,61.66,62.07,62.48,62.9,63.29,63.66,64,64.32
Hungary,HUN,68,68.94,67.87,68.87,69.38,69.07,69.82,69.41,69.23,69.31,69.16,69.05,69.66,69.52,69.25,69.29,69.57,69.85,69.39,69.62,69.06,69.14,69.36,68.97,69.03,68.97,69.17,69.65,70.02,69.46,69.32,69.38,69.12,69.1,69.47,69.79,70.33,70.7,70.56,70.68,71.25,72.25,72.35,72.3,72.65,72.65,73.1,73.15,73.7,73.9,74.21,74.86,75.06,75.57,75.76,75.57,76.06,75.82,76.07,76.32,75.62
Indonesia,IDN,46.66,47.28,47.88,48.47,49.05,49.63,50.21,50.79,51.37,51.96,52.55,53.14,53.72,54.29,54.84,55.39,55.92,56.45,56.97,57.49,58,58.49,58.97,59.42,59.86,60.29,60.7,61.11,61.51,61.92,62.32,62.73,63.13,63.53,63.92,64.29,64.64,64.95,65.24,65.51,65.77,66.04,66.32,66.63,66.97,67.33,67.72,68.1,68.48,68.85,69.2,69.54,69.87,70.18,70.48,70.77,71.04,71.28,71.51,71.72,71.91
Isle of Man,IMN,,,,,,,,,,,,,,,,,,,,,,,,,,,,,,,,,,,76.53,,,,,,,,77.97,,,,,,,,,,,,,,,,,,
India,IND,41.42,42.03,42.64,43.25,43.87,44.5,45.14,45.78,46.43,47.08,47.74,48.4,49.06,49.72,50.37,51.01,51.63,52.22,52.79,53.32,53.81,54.27,54.69,55.07,55.44,55.8,56.17,56.55,56.96,57.4,57.86,58.35,58.85,59.35,59.84,60.32,60.78,61.23,61.67,62.09,62.5,62.91,63.3,63.7,64.1,64.5,64.92,65.35,65.79,66.24,66.69,67.13,67.54,67.93,68.29,68.61,68.9,69.16,69.42,69.66,69.89
Ireland,IRL,69.8,69.98,70.13,70.27,70.4,70.52,70.64,70.75,70.84,70.94,71.03,71.13,71.23,71.35,71.47,71.62,71.78,71.97,72.17,72.39,72.62,72.86,73.09,73.31,73.53,73.74,73.95,74.16,74.38,74.6,74.81,75.01,75.18,75.34,75.48,75.62,75.83,75.99,76.18,76.08,76.54,77.13,77.63,78.14,78.54,78.94,79.24,79.64,80.1,80.19,80.74,80.75,80.85,80.95,81.35,81.45,81.65,82.16,82.2,82.7,82.2
"Iran, Islamic Rep.",IRN,44.95,45.51,46.07,46.62,47.17,47.73,48.3,48.89,49.5,50.15,50.86,51.66,52.56,53.51,54.46,55.26,55.74,55.83,55.51,54.88,54.11,53.45,53.13,53.29,53.98,55.2,56.83,58.66,60.52,62.27,63.84,65.15,66.24,67.14,67.84,68.38,68.79,69.14,69.47,69.81,70.18,70.55,70.92,71.26,71.59,71.92,72.26,72.63,73.03,73.46,73.9,74.35,74.78,75.16,75.5,75.8,76.05,76.27,76.48,76.68,76.87
Iraq,IRQ,48.02,49.22,50.41,51.58,52.73,53.84,54.88,55.85,56.72,57.5,58.2,58.86,59.48,60.09,60.64,61.08,61.29,61.24,60.93,60.44,59.88,59.45,59.28,59.45,60,60.88,61.98,63.15,64.25,65.21,66.01,66.65,67.19,67.67,68.09,68.45,68.73,68.94,69.06,69.11,69.08,68.98,68.83,68.64,68.44,68.27,68.16,68.13,68.19,68.34,68.57,68.85,69.15,69.44,69.7,69.93,70.12,70.29,70.45,70.6,70.75
Iceland,ISL,73.42,73.5,73.72,73.04,73.54,73.87,73.3,73.78,74.01,73.78,73.93,73.57,74.46,74.45,74.51,75.58,76.97,76.37,76.65,76.77,76.85,76.52,77.04,76.85,77.58,77.6,77.99,77.34,77.08,78.14,78.04,77.99,78.76,78.93,79.25,77.98,78.78,78.89,79.6,79.35,79.65,80.69,80.5,80.96,81,81.5,81.16,81.45,81.61,81.75,81.9,82.36,82.92,82.06,82.86,82.47,82.2,82.66,82.86,83.16,83.07
Israel,ISR,,72.01,72.11,,,,72.29,71.51,71.06,70.97,71.21,71.72,71.08,71.69,71.66,72.05,72.96,72.96,73.21,73.51,73.88,74.26,74.11,74.46,74.81,75.21,74.96,75.26,74.44,76.31,76.61,76.76,76.5,77.15,77.4,77.45,78.1,78,78.15,78.66,78.95,79.41,79.45,79.65,80.15,80.15,80.55,80.5,80.95,81.4,81.6,81.66,81.7,82.06,82.15,82.05,82.41,82.55,82.8,82.8,82.7
Italy,ITA,69.12,69.76,69.15,69.25,70.31,70.17,70.93,70.96,70.78,70.81,71.56,71.81,72.08,72.03,72.73,72.65,72.99,73.36,73.69,74,73.94,74.35,74.81,74.64,75.39,75.47,75.77,76.22,76.37,76.82,76.97,77.02,77.42,77.72,77.92,78.17,78.52,78.82,78.98,79.42,79.78,80.13,80.23,79.98,80.78,80.78,81.28,81.43,81.49,81.64,82.04,82.19,82.24,82.69,83.09,82.54,83.24,82.95,83.35,83.5,82.34
Jamaica,JAM,64.77,65.13,65.46,65.78,66.1,66.42,66.74,67.05,67.35,67.64,67.92,68.2,68.49,68.79,69.1,69.41,69.72,70.02,70.29,70.55,70.79,71.01,71.22,71.42,71.61,71.82,72.06,72.32,72.6,72.9,73.2,73.48,73.73,73.92,74.05,74.13,74.17,74.17,74.16,74.15,74.14,74.14,74.14,74.14,74.15,74.15,74.14,74.13,74.1,74.07,74.04,74.01,74,74.01,74.04,74.1,74.18,74.27,74.37,74.48,74.59
Jordan,JOR,52.65,53.44,54.22,55,55.76,56.53,57.28,58.02,58.75,59.47,60.17,60.86,61.54,62.22,62.87,63.5,64.11,64.68,65.22,65.73,66.21,66.66,67.09,67.5,67.9,68.28,68.65,68.99,69.31,69.6,69.87,70.11,70.33,70.53,70.71,70.88,71.05,71.22,71.39,71.56,71.73,71.91,72.08,72.26,72.43,72.6,72.76,72.93,73.1,73.27,73.43,73.58,73.72,73.85,73.97,74.08,74.18,74.29,74.4,74.53,74.66
Japan,JPN,67.67,68.31,68.59,69.66,70.13,70.2,70.99,71.28,71.61,71.84,71.95,72.88,73.51,73.76,74.39,75.06,75.46,75.9,76.04,76.34,76.09,76.41,76.92,76.96,77.37,77.65,78.06,78.48,78.4,78.82,78.84,79.1,79.15,79.29,79.69,79.54,80.2,80.42,80.5,80.57,81.08,81.42,81.56,81.76,82.03,81.93,82.32,82.51,82.59,82.93,82.84,82.59,83.1,83.33,83.59,83.79,83.98,84.1,84.21,84.36,84.62
Kazakhstan,KAZ,58.37,58.78,59.2,59.62,60.04,60.45,60.86,61.24,61.61,61.96,62.28,62.57,62.83,63.06,63.28,63.49,63.71,63.94,64.19,64.47,66.62,66.71,66.79,67.66,68.54,68.54,68.91,69.29,68.85,68.29,68.34,67.6,67.4,65.4,64.9,63.5,63.6,64,64.5,65.63,65.45,65.76,65.95,65.74,66.06,65.86,66.15,66.34,67.11,68.39,68.45,68.69,69.52,70.62,71.44,71.97,72.41,72.95,73.15,73.18,71.37
Kenya,KEN,46.76,47.42,48.06,48.67,49.26,49.82,50.36,50.9,51.45,52,52.56,53.12,53.67,54.22,54.75,55.27,55.8,56.34,56.87,57.39,57.88,58.32,58.68,58.94,59.09,59.12,59.01,58.77,58.42,57.97,57.41,56.74,55.97,55.15,54.31,53.49,52.71,52.01,51.45,51.06,50.92,51.1,51.61,52.41,53.48,54.73,56.09,57.46,58.76,59.93,60.96,61.85,62.66,63.42,64.14,64.8,65.39,65.91,66.34,66.7,66.99
Kyrgyz Republic,KGZ,56.13,56.56,57,57.44,57.88,58.32,58.74,59.15,59.54,59.9,60.24,60.55,60.84,61.09,61.33,61.56,61.8,62.04,62.3,62.59,62.9,63.26,63.66,64.08,64.5,64.92,65.29,65.61,65.86,67.91,68.3,68.55,68.1,67.19,66.04,65.79,66.54,66.89,67.05,68.66,68.56,68.71,68.16,68.26,68.15,67.96,67.7,67.9,68.45,69.1,69.3,69.6,70,70.2,70.4,70.65,70.95,71.2,71.4,71.6,71.8
Cambodia,KHM,41.24,41.37,41.53,41.71,41.89,42.08,42.3,42.49,42.55,42.37,41.57,39.7,36.68,32.67,28.04,23.6,20.32,18.91,19.72,22.74,27.54,33.34,39.16,44.17,48.02,50.56,51.92,52.59,53,53.3,53.6,53.92,54.23,54.51,54.82,55.19,55.65,56.21,56.86,57.6,58.43,59.34,60.28,61.24,62.19,63.09,63.93,64.7,65.39,66.01,66.56,67.04,67.48,67.89,68.27,68.64,68.98,69.29,69.57,69.82,70.05
Kiribati,KIR,47.06,47.56,48.07,48.6,49.14,49.7,50.25,50.8,51.33,51.84,52.32,52.78,53.22,53.63,54.03,54.4,54.75,55.07,55.38,55.68,55.97,56.27,56.57,56.89,57.22,57.58,57.96,58.37,58.78,59.21,59.64,60.05,60.46,60.84,61.2,61.54,61.87,62.19,62.51,62.83,63.14,63.45,63.73,64,64.24,64.48,64.71,64.95,65.21,65.48,65.77,66.07,66.38,66.69,67,67.29,67.58,67.85,68.12,68.37,68.61
St. Kitts and Nevis,KNA,,,,,,,,,,,,,,,,,,,,,,,63.95,,,,,65.95,,,,,67.95,,,,,70.04,,,,,71.34,,,,,,,,,,,,,,,,,,
"Korea, Rep.",KOR,55.42,56.01,56.51,56.97,57.44,57.97,58.58,59.24,59.94,60.68,62.16,62.61,63.01,63.41,63.8,64.15,64.5,64.9,65.2,65.55,66.05,66.55,67.1,67.55,68.2,68.8,69.45,70,70.55,71.05,71.6,72.05,72.5,73,73.4,73.7,74.15,74.6,75,75.41,75.91,76.41,76.77,77.21,77.67,78.17,78.67,79.12,79.52,79.97,80.12,80.57,80.82,81.27,81.72,82.02,82.28,82.63,82.63,83.23,83.43
Kuwait,KWT,59.34,60.1,60.84,61.56,62.26,62.93,63.57,64.16,64.71,65.23,65.72,66.17,66.6,67.02,67.43,67.82,68.22,68.6,68.98,69.34,69.69,70.03,70.34,70.64,70.91,71.17,71.4,71.61,71.8,71.98,72.15,72.3,72.44,72.56,72.67,72.76,72.85,72.93,73,73.07,73.14,73.21,73.28,73.36,73.44,73.54,73.66,73.81,73.98,74.16,74.36,74.55,74.73,74.88,75.02,75.13,75.22,75.31,75.4,75.49,75.59
Lao PDR,LAO,43.2,43.51,43.82,44.12,44.42,44.73,45.03,45.34,45.65,45.96,46.27,46.58,46.88,47.17,47.45,47.72,47.98,48.24,48.5,48.77,49.06,49.39,49.75,50.16,50.61,51.08,51.57,52.04,52.5,52.94,53.36,53.8,54.26,54.75,55.28,55.85,56.44,57.04,57.64,58.22,58.8,59.37,59.94,60.5,61.06,61.62,62.18,62.73,63.27,63.8,64.31,64.8,65.27,65.72,66.14,66.55,66.92,67.28,67.61,67.92,68.22
Lebanon,LBN,63.27,63.58,63.87,64.16,64.44,64.71,64.98,65.26,65.53,65.8,66.07,66.32,66.56,66.79,67,67.18,67.35,67.51,67.66,67.8,67.95,68.11,68.29,68.48,68.69,68.92,69.16,69.42,69.69,69.97,70.27,70.58,70.93,71.3,71.7,72.12,72.58,73.05,73.53,74.02,74.51,75,75.49,75.97,76.43,76.86,77.26,77.61,77.91,78.16,78.36,78.51,78.61,78.68,78.73,78.77,78.8,78.83,78.88,78.93,79
Liberia,LBR,34.26,34.56,34.91,35.32,35.8,36.32,36.9,37.49,38.1,38.71,39.34,39.98,40.65,41.35,42.06,42.79,43.51,44.23,44.9,45.52,46.05,46.47,46.78,46.96,47.04,47,46.86,46.64,46.4,46.17,46.05,46.1,46.36,46.83,47.51,48.31,49.16,49.96,50.66,51.23,51.73,52.24,52.83,53.55,54.42,55.39,56.4,57.36,58.23,58.97,59.6,60.15,60.66,61.19,61.72,62.27,62.8,63.3,63.73,64.1,64.42
Libya,LBY,42.61,44.21,45.83,47.42,48.91,50.3,51.58,52.78,53.92,55.01,56.05,57.05,58,58.9,59.77,60.6,61.39,62.15,62.87,63.55,64.18,64.77,65.31,65.79,66.24,66.64,67.03,67.4,67.78,68.14,68.5,68.85,69.18,69.47,69.73,69.96,70.17,70.35,70.52,70.68,70.85,71.04,71.24,71.47,71.69,71.9,72.06,72.16,72.17,72.13,72.04,71.96,71.9,71.91,71.98,72.12,72.31,72.52,72.72,72.91,73.08
St. Lucia,LCA,56.74,57.59,58.43,59.25,60.04,60.78,61.47,62.1,62.67,63.19,63.67,64.12,64.58,65.04,65.52,66,66.48,66.94,67.37,67.78,68.14,68.48,68.8,69.11,69.41,69.7,69.98,70.27,70.54,70.81,71.07,71.34,71.59,71.84,72.09,72.32,72.55,72.76,72.96,73.14,73.32,73.49,73.65,73.81,73.97,74.12,74.28,74.43,74.57,74.71,74.85,74.99,75.14,75.29,75.44,75.6,75.75,75.91,76.06,76.2,76.34
Liechtenstein,LIE,,,,,,,,,,,,,,,,,,,,,,,,,,,,,,,,,,,78.42,77.39,76.84,76.05,77.75,79.11,76.83,79.28,79.64,79.96,81.77,80.67,80.95,81.3,82.68,81.5,81.84,81.79,82.38,82.26,82.07,82.66,82.26,83.75,83.04,84.16,81.81
Sri Lanka,LKA,59.37,59.77,60.18,60.61,61.08,61.58,62.1,62.63,63.14,63.63,64.1,64.53,64.93,65.32,65.69,66.07,66.46,66.87,67.31,67.75,68.17,68.53,68.8,68.98,69.06,69.08,69.09,69.12,69.21,69.35,69.51,69.62,69.64,69.56,69.4,69.26,69.24,69.42,69.84,70.5,71.33,72.23,73.08,73.8,74.34,74.7,74.9,75.04,75.16,75.29,75.44,75.61,75.8,75.97,76.15,76.32,76.48,76.65,76.81,76.98,77.14
Lesotho,LSO,47.92,48.16,48.38,48.59,48.8,49.02,49.25,49.52,49.83,50.18,50.58,51.05,51.56,52.13,52.73,53.37,54.03,54.71,55.39,56.06,56.7,57.32,57.9,58.44,58.91,59.31,59.63,59.87,60,60,59.84,59.46,58.87,58.05,57.02,55.78,54.33,52.73,51.03,49.33,47.69,46.2,44.9,43.84,43.08,42.66,42.6,42.85,43.38,44.15,45.1,46.21,47.42,48.66,49.89,51.04,52.06,52.95,53.7,54.33,54.84
Lithuania,LTU,69.85,70.1,69.1,70.2,71.51,71.33,71.52,71.6,71.31,70.93,70.8,71.74,71.02,71.33,71.24,70.87,70.96,70.81,70.6,70.48,70.48,70.46,70.84,70.78,70.32,70.5,72.08,71.93,71.76,71.43,71.16,70.36,70.23,68.91,68.53,69.01,70.11,70.91,71.22,71.57,72.02,71.66,71.76,72.06,71.96,71.25,71.06,70.9,71.81,72.91,73.27,73.56,73.86,73.91,74.52,74.32,74.67,75.48,75.68,76.28,74.93
Luxembourg,LUX,68.45,68.74,69,69.22,69.41,69.56,69.67,69.76,69.84,69.9,69.98,70.08,70.21,70.36,70.54,70.76,71,71.26,71.52,71.79,72.07,72.36,72.65,72.96,73.27,73.59,73.89,74.19,74.48,74.75,75.01,75.46,75.77,75.71,76.37,76.51,76.52,76.88,77.02,77.77,77.87,77.82,77.97,77.73,79.12,79.43,79.29,79.38,80.54,80.64,80.63,80.99,81.39,81.8,82.23,82.29,82.69,82.1,82.3,82.64,81.74
Latvia,LVA,69.79,70.03,69.43,69.83,71.03,70.73,70.71,70.39,70.04,69.8,69.84,70.16,69.88,69.81,69.74,68.93,69.05,69.1,68.99,68.5,68.81,68.79,69.33,69.12,69.16,69.29,70.62,70.69,70.62,70.16,69.27,69.03,68.4,66.72,65.66,66.39,68.78,69.35,69.01,69.74,70.31,70.76,70.96,71.27,72.03,71.36,70.87,71.02,72.42,73.08,73.48,73.58,73.78,73.98,74.12,74.48,74.58,74.63,74.78,75.39,75.39
"Macao SAR, China",MAC,64.83,65.3,65.76,66.2,66.63,67.06,67.49,67.93,68.39,68.86,69.36,69.87,70.38,70.9,71.4,71.89,72.35,72.79,73.21,73.6,73.97,74.33,74.68,75.02,75.36,75.7,76.04,76.36,76.68,76.99,77.3,77.61,77.93,78.25,78.59,78.92,79.26,79.57,79.87,80.15,80.41,80.64,80.87,81.09,81.3,81.52,81.75,81.98,82.22,82.46,82.7,82.94,83.16,83.36,83.54,83.71,83.85,83.99,84.12,84.24,84.37
St. Martin (French part),MAF,,,,,,,,,,,,,,,,,,,,,,,73.22,72.77,72.92,72.67,73.52,73.67,74.27,74.32,74.52,75.92,75.42,75.57,75.77,75.97,76.12,76.27,76.47,76.67,76.87,76.97,77.17,77.37,77.52,77.67,77.87,78.02,78.22,78.37,78.52,78.72,78.87,79.02,79.17,79.32,79.52,79.62,79.82,79.97,80.12
Morocco,MAR,48.46,48.88,49.31,49.74,50.17,50.59,51.01,51.41,51.81,52.2,52.57,52.94,53.3,53.68,54.07,54.49,54.98,55.52,56.14,56.82,57.56,58.34,59.14,59.94,60.72,61.47,62.19,62.88,63.54,64.16,64.73,65.25,65.72,66.13,66.5,66.85,67.18,67.51,67.86,68.24,68.68,69.19,69.77,70.4,71.07,71.75,72.4,73.01,73.55,74,74.38,74.7,74.97,75.23,75.48,75.73,75.97,76.22,76.45,76.68,76.9
Moldova,MDA,62,62.37,62.74,63.12,63.5,63.86,64.19,64.48,64.72,64.91,65.04,65.13,65.19,65.21,65.22,65.21,65.17,65.11,65.04,64.97,64.95,65.02,65.2,65.5,65.89,66.33,66.77,67.16,67.44,67.6,67.64,67.56,67.41,67.22,67.03,66.87,66.76,66.72,66.75,66.85,67.01,67.18,67.36,67.52,67.66,67.82,68.02,68.3,68.67,69.12,69.62,70.12,70.58,70.97,71.27,71.48,71.62,71.72,71.81,71.9,72.01
Madagascar,MDG,39.96,40.44,40.92,41.4,41.88,42.35,42.83,43.31,43.8,44.28,44.77,45.26,45.74,46.2,46.66,47.09,47.52,47.93,48.32,48.68,49,49.26,49.44,49.56,49.63,49.69,49.78,49.93,50.18,50.53,51,51.6,52.28,53.02,53.81,54.62,55.43,56.24,57.03,57.78,58.48,59.13,59.72,60.26,60.75,61.21,61.65,62.08,62.51,62.94,63.39,63.84,64.28,64.71,65.13,65.54,65.93,66.31,66.68,67.04,67.39
Maldives,MDV,37.34,37.94,38.56,39.21,39.88,40.56,41.25,41.95,42.67,43.4,44.14,44.91,45.7,46.52,47.37,48.25,49.17,50.12,51.09,52.07,53.05,54,54.91,55.79,56.62,57.42,58.21,59.01,59.82,60.66,61.53,62.41,63.3,64.18,65.06,65.92,66.78,67.64,68.5,69.35,70.17,70.96,71.71,72.4,73.03,73.61,74.14,74.62,75.07,75.5,75.9,76.29,76.66,77.02,77.36,77.69,78.01,78.32,78.63,78.92,79.21
Mexico,MEX,57.08,57.67,58.19,58.66,59.07,59.45,59.81,60.16,60.54,60.93,61.36,61.83,62.33,62.84,63.38,63.92,64.47,65.01,65.54,66.06,66.55,67.03,67.49,67.94,68.38,68.81,69.23,69.65,70.06,70.47,70.87,71.25,71.61,71.95,72.28,72.6,72.92,73.27,73.62,73.99,74.34,74.66,74.92,75.12,75.24,75.3,75.3,75.26,75.19,75.13,75.06,75.01,74.97,74.93,74.91,74.9,74.92,74.95,74.99,75.05,75.13
Marshall Islands,MHL,,,,,,,,,,,,,,,,,,,,,,,,,,,,72.14,,,,,,,,,,,,67.5,65.24,,,,,,,,,,,,,,,,,,,,
North Macedonia,MKD,60.62,61.25,61.86,62.46,63.05,63.63,64.2,64.76,65.3,65.81,66.29,66.73,67.13,67.47,67.78,68.02,68.22,68.36,68.47,68.56,68.65,68.77,68.94,69.17,69.45,69.76,70.09,70.41,70.7,70.94,71.15,71.33,71.49,71.67,71.69,71.85,72.5,72.45,72.3,72.79,72.95,73.44,73.04,73.24,73.6,73.7,73.9,73.8,74.4,74.45,75,75.1,74.9,75.4,75.45,75.4,75.4,75.95,76.65,76.6,75.69
Mali,MLI,28.2,28.34,28.54,28.78,29.1,29.49,29.96,30.5,31.09,31.72,32.39,33.08,33.78,34.49,35.2,35.92,36.64,37.38,38.14,38.91,39.68,40.44,41.17,41.88,42.54,43.17,43.76,44.32,44.84,45.32,45.75,46.08,46.3,46.44,46.52,46.57,46.66,46.82,47.1,47.52,48.07,48.76,49.54,50.37,51.22,52.06,52.84,53.55,54.19,54.76,55.25,55.7,56.14,56.58,57.04,57.51,57.99,58.45,58.89,59.31,59.69
Malta,MLT,69.43,69.61,69.77,69.92,70.08,70.25,70.44,70.65,70.86,71.08,71.31,71.52,71.73,71.93,72.11,72.28,72.44,72.58,72.73,72.89,73.08,73.31,73.6,73.94,74.33,74.76,75.2,75.64,76.06,76.45,76.79,77.08,77.35,77.59,77.82,77.29,77.34,77.74,77.59,77.5,78.35,78.84,78.74,78.55,79.25,79.3,79.44,79.79,79.64,80.24,81.4,80.75,80.75,81.75,82.05,81.9,82.45,82.35,82.45,82.86,82.65
Myanmar,MMR,42.38,42.96,43.57,44.22,44.91,45.63,46.36,47.06,47.7,48.28,48.8,49.26,49.69,50.1,50.5,50.91,51.31,51.71,52.11,52.51,52.91,53.32,53.73,54.14,54.56,54.97,55.38,55.77,56.14,56.5,56.85,57.18,57.5,57.82,58.14,58.46,58.78,59.1,59.42,59.74,60.06,60.38,60.68,60.99,61.29,61.61,61.94,62.29,62.68,63.09,63.52,63.98,64.45,64.92,65.38,65.81,66.2,66.56,66.87,67.13,67.36
Montenegro,MNE,63.71,64.39,65.06,65.7,66.31,66.88,67.45,68.01,68.59,69.17,69.74,70.28,70.76,71.18,71.52,71.81,72.05,72.26,72.47,72.67,72.87,73.07,73.26,73.42,73.57,73.71,73.86,74.01,74.16,74.32,74.44,74.51,74.5,74.41,74.24,74.02,73.78,73.55,73.36,73.24,73.18,73.19,73.24,73.32,73.43,73.98,73.84,74.34,75.14,75.14,75.99,75.98,76.2,76.49,76.44,76.45,76.44,76.49,76.84,76.68,75.93
Mongolia,MNG,48.39,49.3,50.18,51.01,51.77,52.46,53.1,53.7,54.28,54.84,55.36,55.82,56.19,56.48,56.68,56.8,56.85,56.86,56.86,56.88,56.94,57.07,57.3,57.6,57.97,58.39,58.84,59.27,59.66,59.99,60.27,60.49,60.67,60.84,61.02,61.21,61.45,61.73,62.06,62.45,62.87,63.32,63.78,64.23,64.67,65.1,65.54,65.98,66.45,66.92,67.38,67.82,68.22,68.57,68.86,69.11,69.32,69.51,69.69,69.87,70.06
Mozambique,MOZ,39.44,39.88,40.24,40.51,40.7,40.82,40.9,40.98,41.06,41.18,41.34,41.57,41.84,42.14,42.45,42.76,43.03,43.24,43.39,43.48,43.52,43.52,43.53,43.56,43.64,43.77,43.98,44.24,44.54,44.89,45.26,45.65,46.03,46.41,46.77,47.12,47.47,47.83,48.19,48.57,48.95,49.3,49.61,49.89,50.14,50.39,50.64,50.93,51.29,51.74,52.31,53.04,53.93,54.95,56.06,57.21,58.31,59.31,60.16,60.85,61.39
Mauritania,MRT,44.43,45.13,45.83,46.53,47.21,47.87,48.48,49.03,49.54,49.99,50.4,50.79,51.16,51.54,51.94,52.36,52.82,53.31,53.82,54.36,54.91,55.49,56.07,56.64,57.2,57.74,58.23,58.67,59.06,59.4,59.69,59.91,60.09,60.23,60.34,60.43,60.49,60.54,60.59,60.64,60.71,60.79,60.89,61.02,61.17,61.35,61.55,61.78,62.02,62.27,62.53,62.8,63.08,63.37,63.65,63.94,64.21,64.46,64.7,64.92,65.13
Mauritius,MUS,58.75,59.75,60.63,61.36,61.93,62.36,62.64,62.82,62.93,63.02,63.12,63.25,63.44,63.69,64,64.39,64.86,65.37,65.91,66.46,66.97,67.41,67.77,68.04,68.23,68.37,68.5,68.66,68.86,69.12,69.4,69.96,70.06,70.11,70.16,70.33,70.32,70.4,70.61,70.96,71.66,71.77,71.97,72.12,72.27,72.43,72.43,72.57,72.57,72.88,72.97,73.27,73.86,74.02,74.19,74.35,74.39,74.51,74.42,74.24,74.18
Malawi,MWI,36.67,36.93,37.18,37.42,37.66,37.9,38.17,38.49,38.87,39.29,39.76,40.25,40.76,41.26,41.74,42.21,42.65,43.08,43.5,43.91,44.3,44.65,44.95,45.22,45.43,45.61,45.75,45.86,45.96,46.04,46.1,46.12,46.11,46.06,45.97,45.85,45.68,45.48,45.28,45.14,45.09,45.2,45.52,46.05,46.82,47.84,49.12,50.6,52.21,53.89,55.56,57.16,58.63,59.93,61.04,61.95,62.68,63.28,63.8,64.26,64.69
Malaysia,MYS,59.99,60.52,61.01,61.49,61.94,62.39,62.83,63.28,63.72,64.16,64.6,65.01,65.41,65.78,66.12,66.44,66.76,67.08,67.42,67.77,68.12,68.46,68.79,69.09,69.37,69.62,69.87,70.11,70.36,70.61,70.86,71.11,71.33,71.52,71.69,71.83,71.97,72.11,72.26,72.42,72.59,72.78,72.98,73.17,73.36,73.56,73.74,73.93,74.12,74.3,74.49,74.68,74.88,75.07,75.27,75.46,75.65,75.83,76,76.16,76.31
Namibia,NAM,46.48,47.23,47.96,48.66,49.32,49.96,50.55,51.12,51.65,52.16,52.67,53.18,53.71,54.26,54.82,55.37,55.88,56.34,56.73,57.07,57.37,57.69,58.05,58.46,58.93,59.45,60.01,60.56,61.04,61.42,61.61,61.53,61.16,60.52,59.61,58.48,57.18,55.81,54.46,53.23,52.19,51.4,50.86,50.59,50.6,50.93,51.61,52.59,53.82,55.21,56.66,58.08,59.39,60.51,61.42,62.12,62.62,63.02,63.37,63.71,64.04
New Caledonia,NCL,58.64,59.04,59.44,59.89,60.34,60.79,61.23,61.68,62.13,62.58,63.03,63.48,63.93,64.38,64.82,65.27,65.72,66.17,66.3,66.44,66.57,66.7,66.92,68.59,68.06,68.77,69.06,69.43,69.45,69.09,70.49,70.36,71.61,71.66,70.67,72.01,72,71.74,74.38,73.88,75.16,74.83,75.1,75.27,75.47,75.72,76.08,76.48,76.68,76.98,77.28,76.63,77.08,77.18,77.24,77.28,76.93,77.54,77.43,77.63,77.77
Niger,NER,35.05,35.14,35.22,35.3,35.37,35.44,35.5,35.57,35.66,35.76,35.88,36.03,36.2,36.4,36.63,36.9,37.23,37.6,38.02,38.48,38.96,39.45,39.93,40.38,40.82,41.24,41.65,42.08,42.53,43.01,43.54,44.1,44.7,45.33,45.98,46.64,47.31,47.97,48.63,49.28,49.93,50.58,51.26,51.95,52.67,53.41,54.18,54.97,55.76,56.56,57.33,58.08,58.79,59.46,60.07,60.63,61.14,61.6,62.02,62.42,62.79
Nigeria,NGA,36.98,37.43,37.87,38.29,38.69,39.07,39.44,39.81,40.18,40.57,40.97,41.39,41.83,42.28,42.73,43.19,43.65,44.1,44.55,44.96,45.33,45.64,45.87,46.02,46.11,46.13,46.1,46.05,45.99,45.94,45.9,45.88,45.86,45.84,45.84,45.85,45.88,45.92,45.99,46.1,46.27,46.51,46.84,47.24,47.72,48.25,48.81,49.37,49.91,50.42,50.9,51.35,51.79,52.23,52.67,53.11,53.54,53.95,54.33,54.69,55.02
Nicaragua,NIC,47,47.64,48.28,48.92,49.57,50.22,50.87,51.54,52.2,52.87,53.52,54.15,54.74,55.31,55.83,56.32,56.76,57.18,57.57,57.96,58.35,58.76,59.2,59.67,60.19,60.76,61.39,62.08,62.8,63.55,64.29,65.01,65.68,66.3,66.85,67.34,67.8,68.23,68.67,69.1,69.53,69.93,70.31,70.64,70.93,71.2,71.44,71.67,71.92,72.17,72.43,72.69,72.95,73.2,73.43,73.65,73.86,74.07,74.28,74.48,74.7
Netherlands,NLD,73.39,73.65,73.32,73.34,73.7,73.57,73.51,73.8,73.61,73.54,73.59,73.81,73.73,74.14,74.54,74.5,74.65,75.22,75.15,75.61,75.74,75.93,75.99,76.16,76.23,76.28,76.27,76.71,76.89,76.73,76.88,77,77.22,76.92,77.38,77.4,77.44,77.79,77.88,77.84,77.99,78.19,78.29,78.49,79.1,79.35,79.7,80.1,80.25,80.55,80.7,81.2,81.1,81.3,81.71,81.51,81.56,81.76,81.81,82.11,81.41
Norway,NOR,73.55,73.55,73.45,73.08,73.6,73.72,74,74.07,73.94,73.66,74.09,74.18,74.34,74.44,74.75,74.82,75.04,75.39,75.42,75.41,75.67,75.87,76.01,76.07,76.22,75.92,76.24,76.08,76.22,76.5,76.54,76.98,77.18,77.15,77.69,77.74,78.15,78.14,78.33,78.28,78.63,78.79,78.99,79.39,79.84,80.04,80.34,80.4,80.59,80.8,81,81.3,81.45,81.75,82.1,82.3,82.41,82.61,82.76,82.96,83.21
Nepal,NPL,35.58,35.94,36.36,36.83,37.35,37.9,38.49,39.09,39.69,40.29,40.88,41.46,42.02,42.59,43.15,43.72,44.29,44.88,45.49,46.12,46.78,47.45,48.14,48.85,49.58,50.32,51.1,51.89,52.71,53.55,54.4,55.26,56.12,56.96,57.79,58.6,59.38,60.14,60.88,61.6,62.29,62.94,63.57,64.16,64.73,65.26,65.77,66.26,66.73,67.18,67.61,68.03,68.43,68.81,69.17,69.52,69.85,70.17,70.48,70.78,71.07
New Zealand,NZL,71.24,70.99,71.23,71.28,71.33,71.23,71.12,71.47,71.12,71.47,71.27,71.77,71.83,71.67,71.92,72.22,72.42,72.17,73.02,73.07,72.83,73.62,73.72,73.78,74.37,73.83,74.12,74.18,74.42,74.82,75.38,76.03,76.12,76.43,76.88,76.73,76.79,77.33,78.09,77.89,78.64,78.69,78.85,79.15,79.55,79.85,80.05,80.15,80.35,80.7,80.7,80.9,81.16,81.41,81.4,81.46,81.61,81.66,81.86,81.71,82.06
Oman,OMN,42.67,43.5,44.31,45.11,45.9,46.66,47.41,48.14,48.86,49.57,50.31,51.09,51.92,52.81,53.76,54.76,55.78,56.81,57.83,58.81,59.76,60.66,61.52,62.36,63.15,63.92,64.64,65.32,65.98,66.59,67.18,67.74,68.27,68.79,69.28,69.77,70.25,70.73,71.2,71.66,72.13,72.58,73.02,73.45,73.85,74.23,74.58,74.89,75.18,75.44,75.68,75.92,76.15,76.39,76.63,76.89,77.14,77.39,77.63,77.86,78.08
Pakistan,PAK,45.3,46.2,47.06,47.88,48.67,49.42,50.13,50.81,51.46,52.07,52.65,53.19,53.7,54.17,54.61,55.03,55.42,55.8,56.16,56.51,56.86,57.21,57.55,57.88,58.21,58.54,58.86,59.18,59.49,59.8,60.1,60.39,60.68,60.96,61.24,61.5,61.77,62.04,62.3,62.56,62.82,63.07,63.3,63.52,63.74,63.95,64.18,64.42,64.68,64.97,65.26,65.56,65.85,66.12,66.36,66.58,66.77,66.95,67.11,67.27,67.43
Panama,PAN,60.86,61.38,61.88,62.36,62.82,63.28,63.72,64.16,64.61,65.06,65.53,66.02,66.52,67.02,67.53,68.03,68.51,68.98,69.41,69.82,70.19,70.54,70.86,71.16,71.45,71.73,72,72.26,72.51,72.75,72.98,73.21,73.44,73.66,73.88,74.09,74.3,74.5,74.69,74.88,75.06,75.23,75.4,75.56,75.73,75.89,76.06,76.23,76.41,76.6,76.79,76.99,77.19,77.39,77.58,77.78,77.96,78.15,78.33,78.51,78.68
Peru,PER,48.01,48.63,49.22,49.79,50.33,50.87,51.43,52.04,52.7,53.42,54.17,54.94,55.67,56.36,56.99,57.58,58.11,58.64,59.16,59.69,60.24,60.8,61.38,61.96,62.54,63.13,63.73,64.34,64.95,65.56,66.16,66.76,67.33,67.88,68.4,68.9,69.38,69.83,70.27,70.7,71.11,71.5,71.88,72.24,72.58,72.91,73.22,73.53,73.83,74.12,74.41,74.7,74.98,75.26,75.53,75.79,76.04,76.29,76.52,76.74,76.95
Philippines,PHL,61.1,61.51,61.86,62.16,62.41,62.62,62.78,62.92,63.02,63.1,63.16,63.19,63.2,63.2,63.18,63.18,63.21,63.26,63.36,63.5,63.68,63.87,64.07,64.26,64.45,64.66,64.9,65.19,65.53,65.93,66.37,66.81,67.24,67.63,67.96,68.23,68.43,68.57,68.68,68.74,68.79,68.84,68.88,68.94,69.01,69.11,69.23,69.37,69.52,69.67,69.82,69.98,70.15,70.32,70.48,70.64,70.8,70.95,71.1,71.23,71.36
Palau,PLW,,,,,,,,,,,,,,,,,,,,,,,,,,,,,,,69.07,,,,,71.84,,,,,70.49,,,,,69.13,,,,,,,,,,,,,,,
Papua New Guinea,PNG,38.94,39.54,40.17,40.82,41.5,42.2,42.93,43.68,44.42,45.17,45.92,46.65,47.38,48.1,48.82,49.51,50.2,50.87,51.52,52.14,52.74,53.28,53.76,54.2,54.58,54.92,55.24,55.55,55.86,56.17,56.49,56.82,57.15,57.47,57.78,58.07,58.34,58.59,58.83,59.05,59.26,59.49,59.72,59.97,60.24,60.53,60.84,61.14,61.44,61.74,62.03,62.32,62.6,62.89,63.18,63.47,63.74,64.01,64.26,64.5,64.72
Poland,POL,67.68,67.78,67.43,68.38,68.63,69.43,69.83,69.42,70.22,69.72,69.87,69.61,70.67,70.66,71.12,70.56,70.66,70.4,70.35,70.75,70.1,71.05,71.1,71,70.8,70.55,70.85,70.9,71.33,71.04,70.89,70.59,71.09,71.6,71.7,71.89,72.25,72.65,73,73.04,73.75,74.2,74.5,74.6,74.85,75,75.14,75.24,75.54,75.7,76.25,76.7,76.75,77,77.6,77.45,77.85,77.75,77.6,77.9,76.6
Puerto Rico,PRI,68.72,68.94,69.15,69.36,69.59,69.87,70.19,70.52,70.86,71.2,71.54,71.86,72.17,72.46,72.74,72.98,73.19,73.36,73.5,73.61,73.7,73.8,73.91,74.04,74.18,74.31,74.4,74.43,74.39,74.3,74.17,74.04,73.95,73.92,73.98,74.12,74.36,74.66,75.01,75.38,76.69,77.07,77.76,78.07,78.18,78.3,78.42,78.43,77.96,78.19,78.42,78.64,78.85,79.03,79.2,79.35,79.49,79.63,79.78,79.93,80.09
"Korea, Dem. People's Rep.",PRK,51.3,51.67,52.08,52.61,53.34,54.26,55.36,56.51,57.62,58.68,59.66,60.55,61.38,62.16,62.9,63.58,64.21,64.78,65.29,65.76,66.19,66.57,66.92,67.26,67.57,67.9,68.28,68.72,69.18,69.61,69.9,69.88,69.49,68.74,67.7,66.54,65.5,64.77,64.49,64.68,65.27,66.09,66.92,67.62,68.1,68.39,68.54,68.68,68.88,69.18,69.57,70.01,70.45,70.85,71.2,71.48,71.71,71.91,72.1,72.27,72.45
Portugal,PRT,63.27,63.69,64.1,64.5,64.89,65.28,65.66,66.05,66.43,66.81,67.07,66.77,68.32,67.52,68.02,68.31,68.86,70.01,70.32,71.17,71.21,71.61,72.41,72.27,72.51,72.81,73.27,73.67,73.71,74.27,73.97,74.01,74.31,74.51,74.91,75.31,75.26,75.41,75.71,75.96,76.31,76.81,77.07,77.22,77.67,78.07,78.42,78.32,78.52,78.73,79.03,80.47,80.37,80.72,81.12,81.12,81.12,81.42,81.32,81.68,80.98
Paraguay,PRY,63.88,64.1,64.31,64.5,64.66,64.79,64.91,65.02,65.12,65.24,65.37,65.51,65.65,65.81,65.96,66.13,66.3,66.48,66.66,66.85,67.03,67.19,67.34,67.48,67.6,67.72,67.85,67.99,68.16,68.34,68.54,68.75,68.96,69.15,69.34,69.51,69.69,69.88,70.09,70.31,70.55,70.79,71.02,71.25,71.46,71.67,71.86,72.06,72.25,72.45,72.65,72.86,73.07,73.27,73.47,73.66,73.84,73.99,74.13,74.25,74.36
West Bank and Gaza,PSE,,,,,,,,,,,,,,,,,,,,,,,,,,,,,,,68.05,68.43,68.8,69.14,69.46,69.76,70.04,70.31,70.56,70.8,71.02,71.24,71.45,71.65,71.84,72.03,72.2,72.37,72.52,72.66,72.79,72.92,73.04,73.17,73.3,73.44,73.59,73.74,73.9,74.05,74.21
French Polynesia,PYF,56.28,56.71,57.09,57.46,57.84,58.24,58.65,59.06,59.45,59.83,60.18,60.52,60.84,61.15,61.47,61.82,62.24,62.73,63.29,63.92,64.58,65.23,65.85,66.41,66.88,67.28,67.6,67.89,68.16,68.42,68.7,69.01,69.33,69.68,70.04,70.43,70.82,71.2,71.58,71.95,72.3,72.66,73.02,73.38,73.75,74.12,74.47,74.79,75.09,75.36,75.61,75.84,76.07,76.31,76.55,76.79,77.02,77.25,77.46,77.66,77.84
Qatar,QAT,61.09,61.85,62.61,63.37,64.12,64.87,65.59,66.28,66.94,67.57,68.16,68.71,69.24,69.76,70.25,70.73,71.2,71.64,72.07,72.48,72.87,73.24,73.59,73.92,74.24,74.54,74.82,75.09,75.35,75.59,75.82,76.04,76.24,76.43,76.6,76.76,76.91,77.05,77.19,77.33,77.47,77.61,77.76,77.92,78.08,78.25,78.42,78.6,78.78,78.94,79.11,79.26,79.4,79.53,79.65,79.76,79.87,79.98,80.1,80.23,80.36
Romania,ROU,65.64,66.42,67.03,67.44,67.65,67.7,67.66,67.63,67.67,67.81,68.06,68.5,68.47,69.01,69.5,69.61,69.7,69.74,69.48,69.15,69.09,69.37,69.53,69.73,69.66,69.71,69.5,69.23,69.39,69.53,69.74,69.78,69.78,69.56,69.51,69.46,69.1,69,69.81,70.51,71.16,71.16,71.01,71.31,71.56,71.91,72.16,72.57,72.57,73.31,73.46,74.41,74.41,75.06,74.91,74.91,75.21,75.31,75.36,75.61,74.35
Russian Federation,RUS,66.06,66.6,67.02,67.34,67.57,67.72,67.81,67.86,67.87,67.87,68.13,68.38,68.31,68.29,68.32,67.72,67.49,67.38,67.39,67.11,67.03,67.26,67.81,67.65,67.2,67.86,69.39,69.44,69.46,69.17,68.89,68.47,66.87,64.94,64.47,64.69,65.85,66.7,67.03,65.98,65.48,65.38,65.13,65.03,65.47,65.53,66.73,67.59,67.95,68.68,68.84,69.68,70.07,70.58,70.74,71.18,71.65,72.45,72.66,73.08,71.34
Rwanda,RWA,42.62,42.94,43.25,43.54,43.8,44.03,44.22,44.38,44.5,44.61,44.7,44.77,44.85,44.94,45.08,45.32,45.69,46.22,46.9,47.66,48.53,49.5,50.49,51.34,51.89,51.68,50.23,47.41,43.36,38.44,33.41,29.25,26.69,26.17,27.74,31.04,35.38,39.84,43.69,46.64,48.65,49.94,50.99,52.18,53.6,55.25,57.08,58.92,60.61,62.13,63.43,64.52,65.44,66.22,66.88,67.45,67.93,68.34,68.7,69.02,69.33
Saudi Arabia,SAU,45.64,46.14,46.66,47.21,47.78,48.41,49.11,49.89,50.75,51.69,52.7,53.77,54.87,55.98,57.08,58.15,59.18,60.17,61.12,62.02,62.86,63.66,64.41,65.12,65.8,66.43,67.03,67.59,68.12,68.61,69.08,69.52,69.94,70.35,70.73,71.1,71.44,71.77,72.06,72.33,72.56,72.76,72.92,73.05,73.16,73.26,73.36,73.47,73.6,73.75,73.92,74.09,74.25,74.4,74.53,74.65,74.76,74.87,75,75.13,75.28
Sudan,SDN,48.19,48.62,49.04,49.45,49.85,50.26,50.66,51.07,51.47,51.86,52.23,52.58,52.9,53.18,53.43,53.64,53.81,53.95,54.06,54.16,54.25,54.34,54.44,54.53,54.64,54.77,54.9,55.04,55.18,55.33,55.5,55.69,55.9,56.14,56.41,56.71,57.03,57.37,57.73,58.1,58.47,58.86,59.26,59.67,60.09,60.52,60.97,61.42,61.88,62.33,62.76,63.17,63.54,63.88,64.17,64.43,64.66,64.88,65.1,65.31,65.53
Senegal,SEN,38.22,38.38,38.46,38.48,38.45,38.41,38.39,38.42,38.56,38.82,39.23,39.81,40.56,41.44,42.44,43.52,44.64,45.77,46.87,47.93,48.94,49.94,50.94,51.94,52.95,53.91,54.81,55.61,56.28,56.82,57.2,57.43,57.53,57.54,57.48,57.4,57.34,57.32,57.38,57.52,57.79,58.18,58.68,59.26,59.91,60.62,61.36,62.13,62.88,63.61,64.28,64.9,65.45,65.94,66.37,66.75,67.08,67.38,67.66,67.94,68.21
Singapore,SGP,65.66,66.09,66.43,66.7,66.91,67.09,67.26,67.45,67.67,67.95,68.28,68.65,69.04,69.44,69.83,70.22,70.59,70.96,71.32,71.68,72.19,72.59,72.69,73.04,73.29,73.89,74.25,74.55,74.7,74.95,75.3,75.65,75.95,76.05,76.2,76.3,76.6,76.9,77.3,77.55,77.95,78.25,78.55,79.04,79.49,79.99,80.14,80.44,80.79,81.24,81.54,81.74,82,82.25,82.5,82.74,82.85,83.1,83.3,83.6,83.74
Solomon Islands,SLB,48.12,48.94,49.75,50.56,51.36,52.16,52.96,53.77,54.58,55.4,56.2,57,57.77,58.52,59.23,59.9,60.52,61.08,61.59,62.05,62.45,62.8,63.09,63.34,63.55,63.72,63.87,64,64.11,64.23,64.36,64.53,64.72,64.96,65.24,65.55,65.9,66.28,66.66,67.06,67.44,67.82,68.18,68.52,68.84,69.16,69.46,69.76,70.06,70.37,70.67,70.98,71.3,71.6,71.9,72.17,72.42,72.64,72.84,73,73.13
Sierra Leone,SLE,31.57,31.92,32.3,32.7,33.13,33.59,34.07,34.57,35.08,35.59,36.1,36.6,37.09,37.57,38.03,38.47,38.88,39.27,39.62,39.94,40.19,40.39,40.5,40.54,40.51,40.38,40.15,39.83,39.44,39.01,38.56,38.12,37.72,37.38,37.16,37.08,37.19,37.5,37.98,38.63,39.44,40.37,41.38,42.42,43.47,44.5,45.52,46.52,47.51,48.47,49.38,50.23,51.02,51.73,52.37,52.94,53.44,53.9,54.31,54.7,55.07
El Salvador,SLV,49.95,50.62,51.26,51.85,52.39,52.89,53.36,53.8,54.23,54.63,55,55.32,55.59,55.79,55.95,56.05,56.11,56.14,56.18,56.25,56.39,56.66,57.06,57.6,58.28,59.1,60.02,61.02,62.04,63.05,64,64.86,65.62,66.27,66.82,67.28,67.65,67.98,68.28,68.58,68.88,69.16,69.43,69.68,69.91,70.12,70.33,70.54,70.76,70.98,71.21,71.45,71.69,71.94,72.18,72.41,72.64,72.87,73.1,73.32,73.53
Somalia,SOM,36.98,37.37,37.77,38.18,38.58,38.98,39.38,39.78,40.18,40.57,40.96,41.34,41.73,42.11,42.49,42.88,43.26,43.64,44.01,44.38,44.73,45.07,45.39,45.7,45.96,46.15,46.2,46.12,45.91,45.63,45.38,45.26,45.36,45.72,46.34,47.15,48.07,48.97,49.75,50.39,50.87,51.21,51.49,51.76,52.04,52.35,52.67,53,53.33,53.65,53.99,54.34,54.71,55.1,55.51,55.92,56.32,56.71,57.07,57.4,57.7
Serbia,SRB,,,,,,,,,,,,,,,,,,,,,,,,,,,,,,,,71.49,,,,,,72.04,,,71.58,72.23,72.29,72.44,72.68,72.83,73.39,73.63,73.89,73.99,74.34,74.54,74.84,75.19,75.34,75.29,75.69,75.54,75.89,75.94,74.23
South Sudan,SSD,31.7,32.12,32.55,32.98,33.4,33.83,34.25,34.66,35.05,35.43,35.81,36.19,36.58,36.97,37.38,37.77,38.12,38.42,38.66,38.86,39.03,39.21,39.41,39.67,40,40.42,40.93,41.51,42.15,42.82,43.52,44.23,44.93,45.61,46.26,46.86,47.4,47.88,48.33,48.75,49.17,49.59,50.05,50.55,51.1,51.69,52.32,52.96,53.6,54.22,54.8,55.32,55.79,56.2,56.55,56.86,57.12,57.36,57.6,57.85,58.1
Sao Tome and Principe,STP,50.38,50.91,51.43,51.93,52.42,52.89,53.36,53.84,54.33,54.83,55.36,55.91,56.47,57.04,57.6,58.13,58.62,59.06,59.44,59.73,59.93,60.01,59.99,59.88,59.69,59.44,59.16,58.87,58.61,58.39,58.25,58.19,58.21,58.32,58.51,58.8,59.17,59.63,60.16,60.74,61.36,62.02,62.69,63.36,64.02,64.66,65.27,65.85,66.41,66.94,67.43,67.88,68.31,68.7,69.05,69.38,69.67,69.93,70.17,70.38,70.58
Suriname,SUR,59.68,60.04,60.38,60.7,61.03,61.35,61.67,61.98,62.3,62.61,62.91,63.2,63.47,63.72,63.96,64.2,64.44,64.7,64.98,65.27,65.58,65.87,66.15,66.41,66.63,66.82,66.98,67.11,67.23,67.34,67.44,67.52,67.59,67.65,67.7,67.73,67.75,67.76,67.77,67.78,67.82,67.91,68.06,68.28,68.56,68.88,69.23,69.58,69.91,70.21,70.46,70.68,70.85,71,71.13,71.25,71.36,71.46,71.57,71.68,71.8
Slovak Republic,SVK,69.92,70.25,70.47,70.59,70.63,70.6,70.53,70.42,70.31,70.21,70.13,70.1,70.1,70.13,70.18,70.24,70.32,70.4,70.47,70.52,70.41,70.63,70.69,70.48,70.75,70.73,71.02,71.09,71.21,71.03,70.93,70.88,71.8,72.45,72.3,72.25,72.65,72.7,72.55,72.9,73.05,73.4,73.6,73.6,73.96,73.9,74.2,74.21,74.7,74.91,75.11,75.96,76.11,76.41,76.81,76.56,77.17,77.17,77.27,77.67,76.87
Slovenia,SVN,68.98,68.98,68.98,68.62,68.66,68.37,69.01,69.37,68.92,68.36,68.61,68.83,69.06,69.4,70.16,70.36,70.31,70.56,70.7,70.85,71.1,71.2,71.05,70.54,70.9,71.35,71.8,72,72.45,72.7,73.2,73.35,73.3,73.25,73.4,73.96,74.46,74.71,74.81,75.01,75.41,75.76,76.01,76.86,77.21,77.61,78.09,78.56,78.77,78.97,79.42,79.97,80.12,80.32,81.08,80.78,81.18,81.03,81.38,81.53,80.53
Sweden,SWE,73.01,73.47,73.35,73.56,73.73,73.86,74.08,74.12,73.97,74.08,74.65,74.62,74.72,74.87,74.98,74.98,74.97,75.38,75.47,75.52,75.74,76.03,76.33,76.55,76.82,76.67,76.93,77.09,76.98,77.73,77.54,77.67,78,78.06,78.65,78.74,78.96,79.2,79.34,79.44,79.64,79.8,79.85,80.1,80.5,80.55,80.75,80.9,81.1,81.35,81.45,81.8,81.7,81.96,82.25,82.2,82.31,82.41,82.56,83.11,82.41
Eswatini,SWZ,43.57,43.95,44.32,44.7,45.08,45.49,45.93,46.41,46.94,47.51,48.13,48.79,49.48,50.19,50.92,51.66,52.42,53.2,53.99,54.8,55.61,56.45,57.31,58.16,58.98,59.75,60.46,61.08,61.57,61.88,61.95,61.7,61.11,60.19,58.96,57.42,55.61,53.6,51.5,49.42,47.49,45.8,44.41,43.37,42.73,42.52,42.73,43.31,44.17,45.28,46.6,48.14,49.86,51.7,53.57,55.36,56.96,58.32,59.4,60.19,60.72
Sint Maarten (Dutch part),SXM,,,,,,,,,,,,,,,,,,,,,,,,,,,,,,,,,,,,,,,,,,,,,,,,74.54,74.54,75.59,,,73.05,,77.07,77.22,78.29,,,,
Seychelles,SYC,,,,,,,,,,,,,,,,,,,,,69.6,70.19,69.32,70.38,69.55,69.7,68.66,68.24,68.7,67.97,68.11,70.71,71.21,69.47,70.73,72.48,71.56,71.21,71.75,72.67,72.78,73.25,71.09,71.03,72.66,72.13,72.22,73.14,73.16,73.08,73.2,72.72,74.28,73.12,73.23,74.3,74.31,74.3,72.84,74.05,77.24
Syrian Arab Republic,SYR,51.97,52.57,53.18,53.8,54.44,55.1,55.79,56.51,57.26,58.03,58.81,59.6,60.38,61.14,61.87,62.58,63.26,63.91,64.55,65.17,65.77,66.36,66.93,67.48,68,68.51,68.98,69.42,69.83,70.21,70.55,70.87,71.17,71.44,71.71,71.96,72.2,72.44,72.66,72.88,73.11,73.37,73.66,73.97,74.25,74.43,74.41,74.15,73.65,72.94,72.11,71.27,70.55,70.05,69.82,69.91,70.32,70.97,71.78,72.7,73.65
Chad,TCD,38.02,38.28,38.54,38.8,39.06,39.34,39.66,40.03,40.44,40.88,41.34,41.81,42.26,42.68,43.06,43.4,43.7,43.98,44.25,44.52,44.79,45.07,45.35,45.63,45.9,46.16,46.4,46.6,46.77,46.91,47.02,47.11,47.19,47.26,47.34,47.43,47.5,47.56,47.61,47.66,47.71,47.79,47.9,48.06,48.27,48.55,48.91,49.34,49.82,50.35,50.89,51.42,51.93,52.39,52.79,53.14,53.44,53.71,53.98,54.24,54.5
Togo,TGO,40.3,40.94,41.58,42.22,42.85,43.47,44.1,44.72,45.34,45.96,46.57,47.18,47.78,48.37,48.96,49.54,50.11,50.68,51.25,51.8,52.34,52.86,53.36,53.84,54.28,54.67,55.03,55.34,55.59,55.78,55.89,55.87,55.73,55.48,55.15,54.76,54.36,54,53.72,53.55,53.49,53.55,53.71,53.94,54.23,54.6,55.05,55.58,56.18,56.82,57.47,58.09,58.66,59.16,59.58,59.93,60.22,60.49,60.76,61.04,61.34
Thailand,THA,54.7,55.23,55.74,56.23,56.69,57.13,57.56,58,58.44,58.9,59.38,59.89,60.4,60.93,61.46,61.98,62.5,62.99,63.46,63.94,64.43,64.99,65.64,66.35,67.13,67.91,68.64,69.26,69.74,70.07,70.25,70.3,70.28,70.24,70.2,70.19,70.22,70.27,70.35,70.46,70.62,70.83,71.09,71.39,71.73,72.1,72.5,72.92,73.34,73.77,74.18,74.59,74.99,75.38,75.75,76.09,76.4,76.68,76.93,77.15,77.34
Tajikistan,TJK,50.61,50.93,51.24,51.54,51.85,52.17,52.5,52.84,53.21,53.6,54.01,54.43,54.85,55.27,55.68,56.04,56.35,56.6,56.8,56.95,57.11,57.31,57.6,57.98,58.41,58.85,59.18,59.36,59.34,59.14,58.82,58.48,58.21,58.1,58.19,58.5,59,59.65,60.38,61.16,61.97,62.81,63.65,64.5,65.31,66.08,66.77,67.38,67.91,68.36,68.74,69.06,69.34,69.61,69.87,70.14,70.4,70.65,70.88,71.1,71.3
Turkmenistan,TKM,54.47,54.9,55.33,55.76,56.19,56.61,57.02,57.42,57.79,58.15,58.47,58.76,59.03,59.27,59.49,59.7,59.92,60.16,60.42,60.7,61,61.31,61.62,61.92,62.19,62.43,62.6,62.73,62.8,62.82,62.81,62.78,62.76,62.76,62.79,62.85,62.95,63.08,63.24,63.41,63.61,63.84,64.1,64.39,64.69,65.02,65.35,65.7,66.03,66.36,66.66,66.93,67.17,67.38,67.55,67.7,67.84,67.96,68.07,68.19,68.31
Timor-Leste,TLS,33.73,34.23,34.73,35.23,35.73,36.27,36.9,37.6,38.34,39.04,39.53,39.57,39.08,38.08,36.66,35.09,33.71,32.83,32.63,33.18,34.42,36.18,38.18,40.13,41.93,43.48,44.76,45.83,46.79,47.66,48.49,49.34,50.26,51.27,52.37,53.54,54.74,55.91,57.01,58.04,59,59.94,60.9,61.89,62.89,63.88,64.8,65.61,66.28,66.8,67.19,67.48,67.72,67.95,68.2,68.46,68.74,69.01,69.26,69.5,69.71
Tonga,TON,59.88,60.28,60.69,61.1,61.53,61.96,62.39,62.81,63.22,63.62,64,64.36,64.7,65.02,65.32,65.61,65.89,66.15,66.4,66.65,66.89,67.13,67.36,67.6,67.83,68.05,68.27,68.46,68.64,68.8,68.94,69.05,69.14,69.22,69.29,69.35,69.41,69.47,69.54,69.6,69.67,69.72,69.77,69.8,69.82,69.84,69.85,69.88,69.92,69.98,70.06,70.15,70.24,70.34,70.43,70.52,70.61,70.7,70.8,70.91,71.02
Trinidad and Tobago,TTO,62.22,62.65,63.04,63.37,63.66,63.91,64.11,64.28,64.43,64.56,64.7,64.84,65,65.18,65.37,65.57,65.78,65.99,66.18,66.36,66.53,66.69,66.85,67.02,67.18,67.34,67.51,67.67,67.82,67.96,68.09,68.2,68.3,68.4,68.5,68.6,68.71,68.85,69.01,69.2,69.41,69.65,69.9,70.16,70.43,70.69,70.95,71.21,71.46,71.71,71.95,72.17,72.38,72.58,72.77,72.94,73.1,73.24,73.38,73.51,73.63
Tunisia,TUN,42.02,42.66,43.35,44.11,44.93,45.82,46.78,47.8,48.88,50,51.14,52.3,53.45,54.59,55.7,56.79,57.87,58.93,59.98,61.01,62,62.92,63.77,64.53,65.21,65.83,66.41,66.99,67.57,68.18,68.79,69.41,70,70.56,71.06,71.52,71.92,72.28,72.61,72.9,73.17,73.42,73.64,73.84,74.03,74.22,74.39,74.56,74.72,74.88,75.04,75.21,75.38,75.55,75.73,75.92,76.12,76.31,76.5,76.7,76.89
Turkiye,TUR,45.37,46.09,46.83,47.57,48.31,49.04,49.73,50.41,51.05,51.68,52.29,52.89,53.49,54.11,54.74,55.39,56.05,56.71,57.37,58.02,58.67,59.3,59.92,60.52,61.11,61.68,62.23,62.76,63.27,63.76,64.26,64.76,65.28,65.82,66.38,66.96,67.57,68.19,68.81,69.42,70,70.56,71.08,71.56,72,72.42,72.83,73.24,73.65,74.07,74.51,74.94,75.37,75.78,76.17,76.53,76.86,77.16,77.44,77.69,77.93
Tanzania,TZA,43.6,43.86,44.12,44.39,44.68,44.99,45.32,45.67,46.03,46.4,46.78,47.19,47.61,48.04,48.47,48.89,49.27,49.61,49.89,50.12,50.29,50.42,50.53,50.61,50.68,50.73,50.72,50.67,50.56,50.4,50.21,49.98,49.74,49.53,49.36,49.29,49.33,49.5,49.81,50.25,50.8,51.44,52.14,52.87,53.6,54.35,55.12,55.93,56.78,57.67,58.58,59.52,60.47,61.4,62.29,63.11,63.84,64.48,65.02,65.46,65.82
Uganda,UGA,44.36,44.96,45.56,46.16,46.76,47.32,47.84,48.3,48.69,49,49.25,49.43,49.56,49.65,49.72,49.77,49.83,49.89,49.94,49.99,50,49.96,49.83,49.62,49.3,48.89,48.38,47.78,47.14,46.49,45.85,45.25,44.72,44.27,43.96,43.82,43.9,44.19,44.68,45.37,46.23,47.22,48.3,49.42,50.55,51.68,52.78,53.89,54.98,56.06,57.1,58.09,59.02,59.88,60.67,61.37,61.99,62.52,62.97,63.37,63.71
Ukraine,UKR,68.3,68.76,69.15,69.46,69.71,69.91,70.06,70.16,70.22,70.25,70.24,70.18,70.09,69.96,69.81,69.63,69.45,69.25,69.07,68.92,68.82,68.81,68.9,69.08,69.32,69.57,69.79,70.5,70.5,70.52,70.1,69.3,68.77,68.13,67.54,66.74,67.02,67.58,68.37,67.98,67.68,67.84,68.28,68.21,68.19,67.96,68.08,68.22,68.25,69.19,70.27,70.81,70.94,71.16,71.19,71.19,71.48,71.78,71.58,71.83,71.19
Uruguay,URY,67.78,68.01,68.2,68.35,68.46,68.52,68.55,68.57,68.58,68.59,68.62,68.66,68.73,68.82,68.94,69.09,69.27,69.48,69.72,69.98,70.26,70.54,70.81,71.08,71.34,71.58,71.8,72.01,72.2,72.39,72.57,72.76,72.96,73.17,73.39,73.62,73.85,74.09,74.31,74.52,74.73,74.94,75.15,75.37,75.6,75.83,76.05,76.25,76.44,76.6,76.75,76.88,77,77.12,77.24,77.37,77.5,77.63,77.77,77.91,78.06
United States,USA,69.77,70.27,70.12,69.92,70.17,70.21,70.21,70.56,69.95,70.51,70.81,71.11,71.16,71.36,71.96,72.6,72.86,73.26,73.36,73.8,73.61,74.01,74.36,74.46,74.56,74.56,74.61,74.77,74.77,75.02,75.21,75.37,75.62,75.42,75.62,75.62,76.03,76.43,76.58,76.58,76.64,76.84,76.94,77.04,77.49,77.49,77.69,77.99,78.04,78.39,78.54,78.64,78.74,78.74,78.84,78.69,78.54,78.54,78.64,78.79,77.28
Uzbekistan,UZB,58.84,59.21,59.59,59.97,60.35,60.72,61.09,61.44,61.78,62.1,62.39,62.66,62.9,63.12,63.33,63.53,63.73,63.93,64.15,64.38,64.64,64.91,65.21,65.5,65.8,66.06,66.27,66.42,66.5,66.51,66.48,66.42,66.37,66.34,66.34,66.4,66.49,66.63,66.78,66.96,67.16,67.37,67.61,67.87,68.14,68.41,68.68,68.94,69.19,69.44,69.67,69.91,70.16,70.41,70.67,70.93,71.17,71.39,71.57,71.72,71.85
St. Vincent and the Grenadines,VCT,59.26,59.89,60.47,61.01,61.49,61.92,62.32,62.68,63.03,63.36,63.69,64.03,64.36,64.71,65.07,65.44,65.84,66.26,66.7,67.14,67.59,68.03,68.46,68.86,69.22,69.55,69.84,70.08,70.28,70.45,70.58,70.67,70.72,70.75,70.75,70.74,70.74,70.73,70.74,70.76,70.81,70.88,70.98,71.09,71.21,71.33,71.45,71.55,71.64,71.72,71.78,71.83,71.88,71.94,72.01,72.1,72.19,72.3,72.42,72.53,72.66
"Venezuela, RB",VEN,59.83,60.38,60.91,61.42,61.92,62.42,62.91,63.41,63.92,64.43,64.94,65.43,65.9,66.33,66.73,67.09,67.42,67.72,68.01,68.28,68.54,68.8,69.04,69.27,69.5,69.72,69.92,70.12,70.31,70.49,70.66,70.81,70.95,71.08,71.2,71.32,71.45,71.6,71.76,71.93,72.11,72.29,72.47,72.62,72.75,72.85,72.94,73.01,73.07,73.12,73.13,73.11,73.04,72.92,72.76,72.58,72.4,72.25,72.13,72.06,72.07
Virgin Islands (U.S.),VIR,66.22,66.49,66.74,67,67.26,67.54,67.84,68.14,68.44,68.75,69.05,69.35,69.65,69.94,70.22,70.49,70.75,71,71.24,71.47,71.7,71.93,72.17,72.41,72.66,72.92,73.19,73.45,73.72,73.98,74.24,74.49,74.75,75,75.26,75.51,75.76,76,76.24,76.46,76.62,77.62,77.52,77.52,77.77,77.42,78.32,76.86,77.16,77.51,77.87,78.32,78.52,78.72,78.87,79.02,79.17,79.37,79.52,79.67,79.82
Vietnam,VNM,59.04,59.72,60.39,61.02,61.58,61.96,62.04,61.77,61.19,60.38,59.56,58.98,58.83,59.2,60.11,61.45,63.01,64.55,65.86,66.86,67.54,67.94,68.2,68.44,68.69,68.97,69.29,69.62,69.94,70.25,70.55,70.84,71.12,71.4,71.67,71.92,72.17,72.4,72.62,72.82,73.02,73.23,73.44,73.65,73.88,74.09,74.3,74.47,74.62,74.74,74.84,74.9,74.96,75.01,75.06,75.11,75.17,75.24,75.32,75.4,75.49
Vanuatu,VUT,48.98,49.5,50.03,50.58,51.13,51.69,52.26,52.82,53.37,53.92,54.45,54.98,55.51,56.04,56.58,57.13,57.68,58.25,58.82,59.39,59.96,60.53,61.09,61.63,62.16,62.66,63.13,63.57,63.99,64.37,64.72,65.05,65.35,65.63,65.9,66.16,66.41,66.66,66.9,67.13,67.36,67.58,67.79,67.99,68.18,68.35,68.52,68.67,68.82,68.97,69.12,69.27,69.42,69.57,69.72,69.87,70.02,70.17,70.32,70.47,70.62
Samoa,WSM,56.9,57.19,57.47,57.76,58.04,58.34,58.64,58.95,59.27,59.59,59.92,60.26,60.6,60.95,61.3,61.66,62.03,62.41,62.8,63.18,63.57,63.94,64.29,64.62,64.92,65.19,65.44,65.67,65.88,66.08,66.28,66.47,66.66,66.84,67.04,67.25,67.49,67.76,68.07,68.4,68.75,69.1,69.45,69.78,70.09,70.37,70.64,70.9,71.16,71.41,71.66,71.91,72.14,72.35,72.55,72.73,72.9,73.05,73.19,73.32,73.45
Kosovo,XKX,,,,,,,,,,,,,,,,,,,,,,65.9,66.2,66.4,66.6,66.8,67,67.2,67.4,67.55,67.75,67.95,68.1,68.25,68.4,68.55,68.7,68.85,68.95,66.95,67.95,68,67.94,68.2,68.5,68.7,68.95,69.2,69.45,69.65,69.9,70.2,70.5,70.8,71.1,71.35,71.85,72.3,72.7,73.09,71.09
"Yemen, Rep.",YEM,29.92,30.16,30.5,30.94,31.5,32.18,32.96,33.84,34.78,35.78,36.82,37.89,38.98,40.09,41.22,42.36,43.54,44.75,46,47.26,48.53,49.78,50.98,52.12,53.17,54.12,54.96,55.69,56.33,56.88,57.35,57.73,58.05,58.32,58.57,58.82,59.1,59.42,59.78,60.2,60.68,61.22,61.78,62.36,62.93,63.48,64,64.47,64.89,65.26,65.55,65.77,65.92,66.02,66.07,66.08,66.09,66.09,66.1,66.12,66.18
South Africa,ZAF,48.41,48.78,49.14,49.51,49.89,50.28,50.7,51.15,51.62,52.11,52.62,53.16,53.71,54.28,54.86,55.43,55.99,56.54,57.07,57.59,58.11,58.64,59.19,59.77,60.35,60.95,61.54,62.11,62.62,63.04,63.31,63.38,63.25,62.89,62.33,61.56,60.6,59.49,58.32,57.14,56.05,55.09,54.31,53.75,53.44,53.45,53.8,54.45,55.36,56.46,57.67,58.9,60.06,61.1,61.97,62.65,63.15,63.54,63.86,64.13,64.38
Zambia,ZMB,46.69,47.08,47.45,47.77,48.07,48.35,48.64,48.96,49.31,49.7,50.11,50.54,50.96,51.35,51.7,52,52.25,52.45,52.61,52.72,52.8,52.86,52.9,52.92,52.87,52.72,52.4,51.89,51.17,50.28,49.25,48.12,46.99,45.92,44.98,44.24,43.74,43.46,43.41,43.59,44,44.62,45.4,46.32,47.35,48.5,49.76,51.13,52.61,54.13,55.66,57.13,58.5,59.75,60.83,61.74,62.46,63.04,63.51,63.89,64.19
Zimbabwe,ZWE,53.02,53.48,53.95,54.4,54.85,55.27,55.67,56.03,56.36,56.66,56.91,57.14,57.33,57.51,57.69,57.89,58.15,58.47,58.85,59.27,59.73,60.2,60.65,61.02,61.28,61.36,61.2,60.79,60.14,59.24,58.1,56.75,55.24,53.65,52.04,50.48,49.01,47.66,46.47,45.46,44.65,44.01,43.52,43.2,43.06,43.24,43.85,44.95,46.5,48.45,50.64,52.9,55.03,56.9,58.41,59.53,60.29,60.81,61.2,61.49,61.74
