,Entity,Code,Year,kg_per_yr_per_capita,Production_in_tons,Population (historical estimates),Life_Expectancy_years,continent,log_production,fish_and_seafood_kg_protein_per_capita,% fish protein from all sources,% fish protein from animal sources,percent_pop_10km_from_coast
0,Afghanistan,AFG,1990,0.13162653,1400.0,10694804,50.33,Asia,3.146128035678238,0.016014561,0.06189076,0.260416665,0.0
1,Afghanistan,AFG,2000,0.063229844,1300.0,19542986,55.84,Asia,3.113943352306837,0.007692964,0.038880245,0.146305767,0.0
2,Afghanistan,AFG,2010,0.11388781,3250.0,28189672,61.03,Asia,3.5118833609788744,0.011337014,0.051369866,0.27322404,0.0
3,Albania,ALB,1990,2.290975,15020.0,3295073,71.84,Europe,4.176669932668149,0.206187752,0.70413352,2.350892439,17.0
4,Albania,ALB,2000,3.4067593,3630.0,3182027,73.96,Europe,3.5599066250361124,0.341195248,1.016374955,2.428494426,17.0
5,Albania,ALB,2010,6.182559,7650.0,2913402,76.56,Europe,3.8836614351536176,0.65741548,1.725307728,3.427031257,17.0
6,Algeria,DZA,1990,3.6093006,90600.0,25518074,66.94,Africa,4.957128197676813,0.43162502,1.574910859,6.294471272,15.0
7,Algeria,DZA,2000,3.9578373,113510.0,30774624,70.64,Africa,5.055034123674614,0.470250889,1.659806199,6.898454944,16.0
8,Algeria,DZA,2010,3.9331903,95220.0,35856348,74.94,Africa,4.978728177138492,0.443136098,1.395778028,5.16431914,16.0
9,Angola,AGO,1990,16.957392,133090.0,11828643,45.31,Africa,5.124145425061654,1.916464985,15.89947177,40.55330706,17.0
10,Angola,AGO,2000,10.243675,239360.0,16394067,46.52,Africa,5.379051576184367,1.09439994,9.090909008,31.01933162,19.0
11,Angola,AGO,2010,15.734478,310310.0,23364196,55.35,Africa,5.491795771313591,1.54340834,9.120310784,31.08008732,19.0
12,Antigua and Barbuda,ATG,1990,30.7328,890.0,63346,71.52,North America,2.949390006644913,3.51171172,12.08507463,18.07649751,100.0
13,Antigua and Barbuda,ATG,2000,46.226456,1750.0,75070,73.94,North America,3.2430380486862944,4.18308396,15.72345016,23.45311615,100.0
14,Antigua and Barbuda,ATG,2010,55.165558,2220.0,85710,75.82,North America,3.346352974450639,4.95047456,17.37243445,25.17629059,100.0
15,Argentina,ARG,1990,5.9676843,558670.0,32637658,71.59,South America,5.747155350822723,0.53634195,1.662143946,2.658708872,19.0
16,Argentina,ARG,2000,8.511305,923580.0,37070772,73.58,South America,5.965474519758691,0.810266347,2.193155169,3.450944315,17.0
17,Argentina,ARG,2010,5.7512937,814400.0,41100124,75.28,South America,5.910837764992683,0.668264521,1.877551126,3.123939112,17.0
18,Armenia,ARM,2000,1.0678786,2030.0,3168525,71.41,Asia,3.307496037913213,0.124019539,0.548159747,1.906318196,0.0
19,Armenia,ARM,2010,2.6172583,5620.0,2946296,73.33,Asia,3.749736315569061,0.292293077,0.891595075,2.121055394,0.0
20,Australia,AUS,1990,20.00734,220840.0,17048002,76.99,Oceania,5.3440777384681,1.70944903,4.451858771,6.945270436,36.0
21,Australia,AUS,2000,21.873756,222100.0,19017968,79.23,Oceania,5.3465485585484736,1.814863403,5.104480574,7.824700871,36.0
22,Australia,AUS,2010,28.212976,259799.98,22019166,81.7,Oceania,5.414639113304022,2.33572052,5.990392829,9.169550372,36.0
23,Austria,AUT,1990,9.279436,3660.0,7678732,75.57,Europe,3.5634810853944106,0.966150073,2.651325726,4.1903858,0.0
24,Austria,AUT,2000,9.621487,3290.0,8010425,78.13,Europe,3.5171958979499744,0.990332381,2.569207508,4.215274667,0.0
25,Austria,AUT,2010,13.616373,2520.0,8362829,80.58,Europe,3.401400540781544,1.35811755,3.525824091,5.845181626,0.0
26,Azerbaijan,AZE,2000,2.567124,18940.0,8190341,66.76,Asia,4.277379974667254,0.278567635,1.163845285,4.556213227,0.0
27,Azerbaijan,AZE,2010,2.2000165,2130.0,9237203,70.94,Asia,3.3283796034387376,0.228410613,0.711506372,2.234636777,0.0
28,Bahamas,BHS,1990,22.073368,9720.0,270690,,North America,3.9876662649262746,2.385276095,8.496249852,13.42790525,100.0
29,Bahamas,BHS,2000,32.859188,15410.0,325033,,North America,4.187802638718419,2.9515506,9.766360274,15.22264353,100.0
30,Bahamas,BHS,2010,28.312353,16180.0,373277,,North America,4.208978517276254,2.63817474,8.682736974,12.09420664,100.0
31,Bangladesh,BGD,1990,7.5768166,846140.0,107147656,58.21,Asia,5.927442226156266,0.782837546,4.706399998,44.76987588,9.0
32,Bangladesh,BGD,2000,12.490959,1661380.0,129193336,65.45,Asia,6.220468978043315,1.279119396,7.092492802,53.10559102,9.0
33,Bangladesh,BGD,2010,19.880056,3035100.0,148391136,69.88,Asia,6.482173004713658,2.069057469,10.47216604,58.52156012,9.0
34,Barbados,BRB,1990,28.294092,3030.0,258871,74.7,North America,3.481442628502305,3.337762575,9.690415659,15.72067493,100.0
35,Barbados,BRB,2000,37.64954,3180.0,264663,77.16,North America,3.5024271199844326,4.190377755,14.34694904,25.18813759,100.0
36,Barbados,BRB,2010,40.074986,3280.0,274717,78.36,North America,3.515873843711679,4.37996788,13.61835845,24.52275943,100.0
37,Belarus,BLR,2000,9.5270405,7270.0,10256489,68.91,Europe,3.8615344108590377,0.976789275,3.267197359,6.525865794,0.0
38,Belarus,BLR,2010,16.438349,17160.0,9731426,70.4,Europe,4.2345172835126865,1.674910905,5.18372664,9.283195781,0.0
39,Belgium,BEL,2000,23.77845,31670.0,10264351,77.72,Europe,4.500648063371912,2.293014972,6.695096183,11.27063929,4.0
40,Belgium,BEL,2010,25.557283,22960.0,10877948,80.18,Europe,4.360971883725936,2.38625174,6.885593347,11.92223064,4.0
41,Belize,BLZ,1990,7.309847,2130.0,182603,71.24,North America,3.3283796034387376,0.469734889,1.926040082,4.427913641,45.0
42,Belize,BLZ,2000,16.014849,33990.0,240420,68.85,North America,4.53135116458306,2.0899827,8.128704837,19.88950421,43.0
43,Belize,BLZ,2010,15.234559,407340.0,322115,72.06,North America,5.6099570590580345,1.554344835,6.111031151,15.771936,42.0
44,Benin,BEN,1990,8.095624,38230.0,5133429,53.81,Africa,4.5824042980190285,0.84984567,4.822437224,33.24061207,18.0
45,Benin,BEN,2000,7.904239,32320.0,6998022,55.39,Africa,4.5094713521025485,0.83724357,4.209183517,25.83892489,17.0
46,Benin,BEN,2010,13.488247,40160.0,9445716,59.32,Africa,4.6037937041369625,1.325889802,5.874940861,26.79597782,18.0
47,Bermuda,BMU,1990,48.039658,460.0,57490,,North America,2.662757831681574,5.538806745,14.76591839,20.52512722,100.0
48,Bermuda,BMU,2000,37.200684,290.0,61390,77.89,North America,2.462397997898956,3.26252549,10.08919177,15.1136552,100.0
49,Bolivia,BOL,1990,1.0818784,7420.0,7096195,56.1,South America,3.870403905279027,0.125804265,0.739371531,2.10280377,0.0
50,Bolivia,BOL,2000,2.5407917,6510.0,8592656,62.45,South America,3.813580988568192,0.29228992,1.495844821,3.949292982,0.0
51,Bolivia,BOL,2010,1.7693152,7800.0,10223277,68.01,South America,3.8920946026904804,0.204503368,0.887574014,2.004924475,0.0
52,Bosnia and Herzegovina,BIH,2000,1.9998589,260.0,4179355,74.4,Europe,2.4149733479708178,0.204251649,0.793031763,2.803308954,1.0
53,Bosnia and Herzegovina,BIH,2010,5.424664,7920.0,3811093,76.03,Europe,3.8987251815894934,0.581936217,1.887878399,5.583929038,0.0
54,Botswana,BWA,1990,6.6234903,1300.0,1341480,59.19,Africa,3.113943352306837,0.674058786,2.698221322,7.252836185,0.0
55,Botswana,BWA,2000,4.7660613,170.0,1726992,50.63,Africa,2.230448921378274,0.45994015,1.950298692,5.113401739,0.0
56,Botswana,BWA,2010,3.581351,60.0,2091666,60.21,Africa,1.7781512503836436,0.357137623,1.459336884,3.218749888,0.0
57,Brazil,BRA,1990,5.7592654,640290.0,150706448,66.34,South America,5.8063767190993,0.561776574,2.392344383,5.432877546,12.0
58,Brazil,BRA,2000,5.9929943,839300.0,175873712,70.12,South America,5.923917223113105,0.586698263,2.074529239,4.056084021,12.0
59,Brazil,BRA,2010,8.591926,1196420.0,196353504,73.62,South America,6.077883664320028,0.81857528,2.467917123,4.753856082,12.0
60,Bulgaria,BGR,1990,3.7828238,57100.0,8767778,71.64,Europe,4.756636108245848,0.488396791,1.461217363,3.398926698,0.0
61,Bulgaria,BGR,2000,3.280356,12320.0,8097694,71.66,Europe,4.090610707828406,0.371460792,1.249393446,2.727754094,0.0
62,Bulgaria,BGR,2010,6.307895,18690.0,7592271,73.51,Europe,4.271609301378832,0.681790545,2.445582499,5.155195446,0.0
63,Burkina Faso,BFA,1990,1.6403577,7010.0,9131362,49.45,Africa,3.8457180179666586,0.183141086,0.799753793,6.032481878,0.0
64,Burkina Faso,BFA,2000,2.2663295,8510.0,11882896,50.49,Africa,3.929929560084588,0.249589321,1.029714631,7.803790324,0.0
65,Burkina Faso,BFA,2010,5.1413608,14730.0,16116851,57.1,Africa,4.168202746842631,0.597259611,2.098336256,15.43379005,0.0
66,Cambodia,KHM,1990,12.349337,111430.0,8910806,53.6,Asia,5.047002130518505,1.361527198,8.034150745,43.43195402,3.0
67,Cambodia,KHM,2000,20.908165,298800.0,12118844,58.43,Asia,5.4753805931433615,2.33398885,12.55942973,50.80128444,3.0
68,Cambodia,KHM,2010,36.09005,550090.0,14363534,66.56,Asia,5.740433750050123,4.19698754,18.75812749,67.8025842,3.0
69,Cameroon,CMR,1990,11.995536,70850.0,11430519,53.36,Africa,4.8503398545834795,1.264177427,6.869110083,29.05225863,8.0
70,Cameroon,CMR,2000,13.41441,112160.0,15091598,50.99,Africa,5.049838000622583,1.394528673,6.67158123,32.84936428,9.0
71,Cameroon,CMR,2010,18.296421,181570.0,19878044,55.1,Africa,5.259044093575232,1.927263875,7.23296862,42.19133064,9.0
72,Canada,CAN,1990,23.74068,1685200.0,27657206,77.42,North America,6.22665145045481,2.179112415,6.341618358,10.58135356,11.0
73,Canada,CAN,2000,23.500475,1125840.0,30683316,79.14,North America,6.0514766746587645,2.245751195,5.89249806,10.48414634,11.0
74,Canada,CAN,2010,22.80326,1095750.0,33963416,81.25,North America,6.039711479325997,2.040429424,5.54613489,10.44131457,11.0
75,Central African Republic,CAF,1990,5.267663,13110.0,2809223,,Africa,4.1176026916900845,0.56772549,3.807106733,11.04565539,0.0
76,Central African Republic,CAF,2000,4.2001038,15120.0,3759174,,Africa,4.179551791165188,0.445075489,2.808738232,7.979733707,0.0
77,Central African Republic,CAF,2010,8.886844,35140.0,4660066,,Africa,4.545801757159277,0.944933207,5.482455977,15.77739496,0.0
78,Chad,TCD,1990,4.259403,70000.0,5827070,47.02,Africa,4.845098040014257,0.618890241,3.585313147,15.32779276,0.0
79,Chad,TCD,2000,8.864698,83200.0,8259144,47.71,Africa,4.920123326290724,1.383023581,6.071831132,32.27739638,0.0
80,Chad,TCD,2010,7.7169743,91030.0,11894734,50.89,Africa,4.959184542731191,1.496369622,5.581395539,19.60595935,0.0
81,Chile,CHL,1990,18.05392,5195190.0,13342876,73.51,South America,6.715601435327777,1.456742485,6.005066384,14.93145672,17.0
82,Chile,CHL,2000,12.623479,4691810.0,15351803,76.37,South America,6.671340416567463,1.025129145,3.620085625,7.666941432,17.0
83,Chile,CHL,2010,14.198958,3380800.0,17004166,78.78,South America,6.529019479708238,1.201342276,3.897801413,8.092770686,17.0
84,China,CHN,1990,10.576405,13136840.0,1153704192,69.14,Asia,7.1184909104590774,0.932834771,3.963653238,20.30497506,5.0
85,China,CHN,2000,24.66456,36170700.0,1264099072,71.4,Asia,7.558356913605293,2.118467811,6.981844913,22.42661398,6.0
86,China,CHN,2010,32.458958,50320880.0,1348191360,74.41,Asia,7.701748227345844,2.842367165,8.25086045,22.26415143,6.0
87,Colombia,COL,1990,2.993415,130130.01,32601396,69.75,South America,5.114377463160048,0.324422841,1.602505036,3.56703553,7.0
88,Colombia,COL,2000,4.9242806,198840.0,39215136,72.94,South America,5.298503754466962,0.542179541,2.363989632,5.208704947,5.0
89,Colombia,COL,2010,5.7517514,161530.0,44816104,75.42,South America,5.208253193072685,0.629816808,2.872018889,5.584585119,5.0
90,Comoros,COM,2010,18.395596,63450.0,656032,61.86,Africa,4.802431626430724,2.199740974,10.75046909,38.92662894,100.0
91,Congo,COG,1990,33.256046,48210.0,2385433,,Africa,4.683137131483007,3.76660436,24.89756532,65.0503778,19.0
92,Congo,COG,2000,19.978655,46020.0,3134034,,Africa,4.662946614332625,2.202589215,14.21522559,45.2167416,20.0
93,Congo,COG,2010,18.847315,65239.996,4437883,,Africa,4.81451392574074,2.04585347,13.64595603,37.71872953,19.0
94,Costa Rica,CRI,1990,5.517961,18940.0,3158257,75.65,North America,4.277379974667254,0.558669256,2.338049309,4.869727329,9.0
95,Costa Rica,CRI,2000,4.2764745,45170.0,3979189,77.45,North America,4.6548500905613945,0.418166083,1.589694286,3.444180155,10.0
96,Costa Rica,CRI,2010,10.317992,44750.0,4622250,78.77,North America,4.650793039651931,1.087894691,4.044611869,7.912723832,10.0
97,Croatia,HRV,2000,7.1526203,27940.0,4548438,72.81,Europe,4.446226401778163,0.804399264,3.400637714,7.521826837,24.0
98,Croatia,HRV,2010,17.87359,66820.0,4368680,76.48,Europe,4.824906471302112,1.884670821,6.542526126,12.08178388,25.0
99,Cuba,CUB,1990,17.946527,188020.0,10626679,74.64,North America,5.274204048346953,1.787819275,7.343702954,14.92401194,33.0
100,Cuba,CUB,2000,11.38291,101210.0,11105799,76.7,North America,5.005223424858136,1.284864642,5.109913819,15.92558936,32.0
101,Cuba,CUB,2010,5.747021,55370.0,11290420,78.34,North America,4.743274523511934,0.57703872,1.959576115,5.580905805,32.0
102,Cyprus,CYP,1990,14.493704,2710.0,788501,76.55,Asia,3.432969290874406,1.501849258,5.098228305,9.08700325,55.0
103,Cyprus,CYP,2000,18.566868,70220.0,948238,78.01,Asia,4.846460825129332,1.931073636,6.378131843,10.63361953,56.0
104,Cyprus,CYP,2010,22.078857,5510.0,1129693,79.43,Asia,3.741151598851785,2.204388191,6.563169236,12.60020606,48.0
105,Czechia,CZE,2000,10.275326,24130.0,10234712,74.97,Europe,4.382557321908786,1.045459244,3.262977637,5.494716229,0.0
106,Czechia,CZE,2010,9.732301,24410.0,10464750,77.42,Europe,4.387567779417188,1.049121836,3.153003522,5.418250598,0.0
107,Denmark,DNK,1990,22.689579,1517650.0,5144626,74.81,Europe,6.181171626240113,2.983015425,8.534168026,13.08590699,57.0
108,Denmark,DNK,2000,22.47879,1577700.0,5340662,76.59,Europe,6.19802442553312,2.159723031,6.390328242,10.79700904,56.0
109,Denmark,DNK,2010,23.087248,863260.0,5550850,79.1,Europe,5.936141617915977,3.57236888,9.29923001,15.39430234,56.0
110,Djibouti,DJI,1990,0.9199855,360.0,577183,56.68,Africa,2.5563025007672873,0.093276316,0.583703061,2.593361157,74.0
111,Djibouti,DJI,2000,2.4455762,800.0,742046,57.02,Africa,2.9030899869919438,0.238273168,1.423714505,4.865650155,76.0
112,Djibouti,DJI,2010,2.366825,1590.0,919206,60.06,Africa,3.2013971243204513,0.250161561,1.248127774,6.938020547,76.0
113,Dominica,DMA,1990,21.963713,460.0,69501,,North America,2.662757831681574,2.32672316,8.463311391,16.04112982,100.0
114,Dominica,DMA,2000,40.86448,1210.0,68365,,North America,3.0827853703164503,4.53707337,13.56727856,23.85537595,100.0
115,Dominica,DMA,2010,24.559652,710.0,68775,,North America,2.8512583487190755,2.72432496,8.868989308,15.4256458,100.0
116,Dominican Republic,DOM,1990,8.719605,19770.0,7129004,66.57,North America,4.296006669313672,0.879125203,5.229479268,12.82467479,30.0
117,Dominican Republic,DOM,2000,9.270784,13140.0,8540790,69.43,North America,4.118595365223762,1.007005946,5.844434906,12.42009113,33.0
118,Dominican Republic,DOM,2010,7.7355657,15770.0,9775756,72.05,North America,4.197831693328903,0.799986414,3.976966129,8.864821923,33.0
119,Ecuador,ECU,1990,6.646093,366640.0,10449845,68.9,South America,5.56423984423673,0.742599143,4.405286452,10.22893295,10.0
120,Ecuador,ECU,2000,6.5908246,657800.0,12626511,72.76,South America,5.818093869146636,0.634019491,3.128351932,6.245539182,10.0
121,Ecuador,ECU,2010,8.572232,672390.0,14989581,75.09,South America,5.827621245848466,0.93573517,4.000625192,7.573964263,10.0
122,Egypt,EGY,1990,8.38931,312950.0,57214632,,Africa,5.495474955889315,0.869750835,2.888517831,20.23411409,10.0
123,Egypt,EGY,2000,13.705303,724410.0,71371368,,Africa,5.859984436830926,1.447628508,4.575583018,24.19446108,10.0
124,Egypt,EGY,2010,20.08025,1304790.0,87252416,,Africa,6.115540619582295,2.1015021,6.088875372,27.67897873,10.0
125,El Salvador,SLV,1990,1.8917935,9160.0,5367182,64.0,North America,3.9618954736678504,0.210785624,1.044856793,4.513618742,10.0
126,El Salvador,SLV,2000,2.460214,9850.0,5958482,68.88,North America,3.9934362304976116,0.233620294,1.002663295,3.465078454,10.0
127,El Salvador,SLV,2010,7.161014,44080.0,6114039,71.21,North America,4.644241585843728,0.804804925,3.108955995,9.026914584,10.0
128,Estonia,EST,2000,17.602072,113370.0,1396881,70.42,Europe,5.054498146636677,2.038075466,6.537668818,11.54468241,51.0
129,Estonia,EST,2010,12.282373,95950.0,1331535,75.43,Europe,4.982044979071491,1.199994623,3.533976336,6.764351091,50.0
130,Eswatini,SWZ,1990,0.13136694,110.0,854020,61.95,Africa,2.041392685158225,0.014753519,0.069735012,0.271186437,0.0
131,Eswatini,SWZ,2000,6.1021013,120.0,1030504,47.49,Africa,2.0791812460476247,0.651974972,2.885257031,8.710977111,0.0
132,Eswatini,SWZ,2010,1.6169723,270.0,1099926,46.6,Africa,2.4313637641589874,0.187307357,1.018642959,3.225806117,0.0
133,Ethiopia,ETH,2000,0.23639143,15700.0,67031872,51.94,Africa,4.195899652409234,0.025165838,0.139303478,1.598173516,0.0
134,Ethiopia,ETH,2010,0.18659805,18080.0,89237800,61.63,Africa,4.257198426139344,0.021507881,0.085947564,0.751879697,0.0
135,Fiji,FJI,1990,33.75842,32430.0,780437,65.38,Oceania,4.510946948672973,2.819140426,12.28304387,27.93522185,59.0
136,Fiji,FJI,2000,34.722694,42510.0,832516,65.69,Oceania,4.6284911049671225,2.883641985,11.49099165,29.45454696,59.0
137,Fiji,FJI,2010,32.369617,42000.0,905176,66.66,Oceania,4.623249290397901,3.50251226,14.90995025,41.70107439,60.0
138,Finland,FIN,1990,30.542751,151530.0,4986551,74.81,Europe,5.180498623232012,3.06627594,8.707369652,14.08686871,27.0
139,Finland,FIN,2000,31.36874,171830.0,5176208,77.47,Europe,5.235098990094939,3.427212395,9.405990222,15.23608649,28.0
140,Finland,FIN,2010,35.007755,167870.0,5363279,79.87,Europe,5.224973090428833,3.65185201,9.027715615,14.84560657,28.0
141,France,FRA,1990,31.86276,877370.0,56412896,76.6,Europe,5.943182780448225,2.497377085,6.158171276,9.50314875,12.0
142,France,FRA,2000,31.592133,892840.0,58665456,79.06,Europe,5.950773638795716,2.869887946,6.936776131,10.70937605,12.0
143,France,FRA,2010,35.329407,631840.0,62444568,81.66,Europe,5.800607116392469,3.174836795,7.918510392,12.95625921,12.0
144,French Polynesia,PYF,1990,39.851738,4300.0,211108,68.7,Oceania,3.6334684555795866,4.036148465,14.523281,26.06676845,98.0
145,French Polynesia,PYF,2000,45.503727,13840.0,250939,72.3,Oceania,4.141136090120739,4.750313305,15.23830552,23.71772805,98.0
146,French Polynesia,PYF,2010,45.61821,13080.0,283795,75.61,Oceania,4.116607743988248,4.799847455,14.67266318,22.62903261,0.0
147,Gabon,GAB,1990,30.70162,20000.0,983039,60.96,Africa,4.301029995663981,3.32279794,14.58558554,29.82013427,51.0
148,Gabon,GAB,2000,44.49633,48380.0,1272941,58.26,Africa,4.6846658640258605,4.432922445,16.41499537,34.61432744,52.0
149,Gabon,GAB,2010,28.140448,32820.0,1711117,61.4,Africa,4.516138576717075,2.812905934,10.6046755,23.33333322,52.0
150,Gambia,GMB,1990,18.769585,21660.0,1040625,,Africa,4.335658452289302,2.20000684,12.63624593,58.51154795,49.0
151,Gambia,GMB,2000,19.69765,29020.0,1437540,,Africa,4.462697408101717,2.287329805,12.50853228,54.66070144,54.0
152,Gambia,GMB,2010,25.137192,46650.0,1937284,,Africa,4.668851648082518,2.739685474,12.88119483,47.959787,54.0
153,Georgia,GEO,2000,1.0010375,1880.0,4265175,69.9,Asia,3.27415784926368,0.113673366,0.383877179,1.212646152,0.0
154,Georgia,GEO,2010,9.785891,46520.0,3836834,71.46,Asia,4.667639706056411,1.052837974,3.499222329,10.00370506,0.0
155,Germany,DEU,1990,14.034741,390740.0,79370192,75.23,Europe,5.591887872166869,1.458335345,4.212101979,6.911068507,3.0
156,Germany,DEU,2000,13.722106,269970.0,81551680,77.93,Europe,5.431315506535525,1.573587635,4.577579901,7.796296382,2.0
157,Germany,DEU,2010,14.515838,283840.0,81325088,79.99,Europe,5.453073598151632,1.680397038,4.480874355,7.441016332,2.0
158,Ghana,GHA,1990,25.409231,396230.0,15446987,56.78,Africa,5.597947354446381,3.107587735,22.89862467,63.62349489,17.0
159,Ghana,GHA,2000,29.780355,457080.0,19665506,57.0,Africa,5.659992218708571,3.637252558,20.30427134,66.43267449,17.0
160,Ghana,GHA,2010,21.936472,359240.0,25574722,61.03,Africa,5.555384687717147,2.63828716,12.06924353,57.78466258,17.0
161,Greece,GRC,1990,20.080843,141890.0,10302255,76.94,Europe,5.151951788707265,2.12037333,5.369189009,10.53290492,59.0
162,Greece,GRC,2000,21.828453,194750.0,11038112,77.89,Europe,5.289477466344602,2.32881607,5.417969161,9.844877112,60.0
163,Greece,GRC,2010,18.919792,191420.0,11033784,80.39,Europe,5.281987311893602,1.92213599,4.748070658,8.515141084,61.0
164,Grenada,GRD,1990,33.10278,1910.0,99066,69.6,North America,3.2810333672477277,3.8907394,16.2625661,28.07554825,100.0
165,Grenada,GRD,2000,18.388899,1700.0,107442,72.65,North America,3.230448921378274,2.1518429,10.45630589,17.51269026,100.0
166,Grenada,GRD,2010,26.29136,2180.0,114058,72.87,North America,3.3384564936046046,2.9511564,12.15762954,22.0924322,100.0
167,Guatemala,GTM,1990,0.91006064,7800.0,9084779,62.26,North America,3.8920946026904804,0.096437081,0.454163199,2.537594145,3.0
168,Guatemala,GTM,2000,1.479751,43170.0,11735893,67.85,North America,4.635182048656268,0.156805872,0.827357904,3.338278818,3.0
169,Guatemala,GTM,2010,1.6598563,45120.0,14543126,71.48,North America,4.654369090975286,0.187261973,0.7823286,2.557672952,3.0
170,Guinea,GIN,1990,8.791991,44000.0,6354146,49.99,Africa,4.643452676486188,0.950965708,5.063524133,46.68930286,14.0
171,Guinea,GIN,2000,10.85779,91510.0,8336973,51.2,Africa,4.961468555350787,1.194671536,6.132075308,44.00564036,13.0
172,Guinea,GIN,2010,10.469131,113690.0,10270728,56.86,Africa,5.055722266483576,1.104716629,5.743879549,32.00419737,13.0
173,Guinea-Bissau,GNB,1990,4.1262608,5400.0,973557,47.1,Africa,3.7323937598229686,0.407977509,2.437357831,13.3583027,41.0
174,Guinea-Bissau,GNB,2000,3.2371726,6320.0,1230855,50.37,Africa,3.800717078282385,0.320873106,1.956271683,10.95360847,41.0
175,Guinea-Bissau,GNB,2010,0.9912163,6580.0,1567226,54.63,Africa,3.8182258936139557,0.099315989,0.654511438,3.214695772,42.0
176,Guyana,GUY,1990,44.37583,36920.0,747124,63.29,South America,4.567261692353874,4.565529135,22.23563951,62.84739319,25.0
177,Guyana,GUY,2000,41.000134,49490.0,759059,65.24,South America,4.694517453811156,4.407587613,15.5046555,34.80225879,24.0
178,Guyana,GUY,2010,31.815153,45680.0,747937,68.06,South America,4.659726095237792,3.136151175,11.11831129,27.01511467,24.0
179,Haiti,HTI,1990,3.5727947,5150.0,6925335,54.26,North America,3.711807229041191,0.404711416,2.561669941,18.24324437,53.0
180,Haiti,HTI,2000,2.4009547,7410.0,8360224,57.13,North America,3.869818207979328,0.254665391,1.620591076,9.956076566,54.0
181,Haiti,HTI,2010,3.9117227,14060.0,9842883,60.51,North America,4.147985320683805,0.416896649,2.3739496,14.43167264,54.0
182,Honduras,HND,1990,2.1544378,19540.0,5053235,66.72,North America,4.290924559382754,0.208990149,1.083961003,4.030054373,8.0
183,Honduras,HND,2000,2.7635503,27750.0,6656727,70.69,North America,4.443262987458695,0.225674328,1.117507585,3.031694897,8.0
184,Honduras,HND,2010,3.070552,39580.0,8450936,73.32,North America,4.597475789870377,0.298148644,1.431034459,4.135525563,8.0
185,Hong Kong,HKG,1990,58.916756,234490.0,5838573,,Asia,5.370124326635658,5.447691065,17.04442373,27.3504271,98.0
186,Hong Kong,HKG,2000,63.748158,162000.0,6731195,,Asia,5.209515014542631,5.722509055,16.59144536,24.43811273,97.0
187,Hong Kong,HKG,2010,70.44683,172350.0,7132437,,Asia,5.236411287743967,5.97821382,15.03226906,22.24137887,97.0
188,Hungary,HUN,1990,4.4738817,33830.0,10375989,69.32,Europe,4.5293019977879805,0.474912085,1.370007344,2.378774017,0.0
189,Hungary,HUN,2000,4.1789703,19990.0,10202054,71.25,Europe,4.300812794118117,0.424310785,1.305424267,2.327914876,0.0
190,Hungary,HUN,2010,5.3049207,20460.0,9986832,74.21,Europe,4.310905629376141,0.552704535,1.88868041,3.514897705,0.0
191,Iceland,ISL,1990,90.37078,1508140.0,255026,78.04,Europe,6.1784416587786515,7.978087145,20.27265314,30.09775777,80.0
192,Iceland,ISL,2000,91.39745,1986170.0,281469,79.65,Europe,6.298016417826133,10.25034172,23.50238146,33.53600349,80.0
193,Iceland,ISL,2010,90.377144,1065690.0,318346,81.9,Europe,6.027630890554502,10.41985721,22.66017583,32.58749121,80.0
194,India,IND,1990,3.7432745,3799720.0,870452160,57.86,Asia,6.579751594791746,0.386206062,2.001888328,12.67942499,6.0
195,India,IND,2000,4.3967185,5608960.0,1059633664,62.5,Asia,6.748882342872555,0.4739014,2.341256003,13.99788065,5.0
196,India,IND,2010,5.561466,8475090.0,1240613632,66.69,Asia,6.928144318827431,0.610069943,2.865427101,14.72392599,5.0
197,Indonesia,IDN,1990,14.640933,3022360.0,182159888,62.32,Asia,6.480346192862621,1.84335512,10.68464673,57.5418985,29.0
198,Indonesia,IDN,2000,20.135296,4869350.0,214072416,65.77,Asia,6.687470991963369,2.515106303,13.58214673,61.17850885,28.0
199,Indonesia,IDN,2010,27.71987,7691140.0,244016176,69.2,Asia,6.8859907167865275,3.33882217,15.98822023,59.47164816,28.0
200,Iran,IRN,1990,3.9599333,269080.0,55793628,,Asia,5.429881419010765,0.412964468,1.501340484,7.211848235,1.0
201,Iran,IRN,2000,4.9173517,424540.0,65544380,,Asia,5.627918615571418,0.499176592,1.675908834,7.542984032,1.0
202,Iran,IRN,2010,8.494494,663680.0,75373864,,Asia,5.821958730372928,0.871566382,2.922155699,10.21775496,1.0
203,Iraq,IRQ,1990,1.369029,24230.0,17658384,66.01,Asia,4.3843534141375065,0.148460283,0.490020324,2.794819455,0.0
204,Iraq,IRQ,2000,0.9180673,22510.0,24628860,69.08,Asia,4.35237549500052,0.095237406,0.521134959,3.409091058,0.0
205,Iraq,IRQ,2010,2.643618,39670.0,31264880,68.57,Asia,4.598462200474151,0.259099046,1.364920017,6.744186096,0.0
206,Ireland,IRL,1990,15.317949,242390.0,3485370,74.81,Europe,5.384514698685653,1.54567426,3.935599291,6.686930105,43.0
207,Ireland,IRL,2000,24.536049,327540.0,3768954,76.54,Europe,5.515264344689605,2.20667977,5.451897359,8.903090773,42.0
208,Ireland,IRL,2010,22.65313,365430.0,4524581,80.74,Europe,5.562804197914278,2.050878425,5.323727479,9.470705492,42.0
209,Israel,ISR,1990,20.035082,23570.0,4803255,76.61,Asia,4.372359582524323,1.654697461,4.388828653,9.080675809,41.0
210,Israel,ISR,2000,20.095974,25920.0,6116955,78.95,Asia,4.413634997198556,1.672271955,3.996226759,7.380424613,39.0
211,Israel,ISR,2010,22.343414,22510.0,7328439,81.6,Asia,4.35237549500052,1.869619535,4.176884284,7.642836219,38.0
212,Italy,ITA,1990,21.348337,524190.0,56756560,76.97,Europe,5.719488731631101,2.24042402,5.667529729,10.54895884,29.0
213,Italy,ITA,2000,22.527748,515669.97,56966400,79.78,Europe,5.712371841038225,2.366013841,5.8002149,10.93486334,28.0
214,Italy,ITA,2010,27.239061,387040.0,59822452,82.04,Europe,5.587755851017804,2.65446834,6.541121247,12.07591608,28.0
215,Jamaica,JAM,1990,18.85447,17050.0,2392035,73.2,North America,4.231724383328516,1.977593579,8.186435822,17.00806928,53.0
216,Jamaica,JAM,2000,19.491991,10050.0,2612203,74.14,North America,4.002166061756507,2.164678636,8.739985082,17.69911542,53.0
217,Jamaica,JAM,2010,23.146826,16480.0,2733904,74.04,North America,4.216957207361097,2.43853653,8.888280773,18.87888482,53.0
218,Japan,JPN,1990,71.084236,10368920.0,123686320,78.84,Asia,7.015733523750034,9.83788296,28.68714577,51.07698131,37.0
219,Japan,JPN,2000,67.217804,5835540.0,126803864,81.08,Asia,6.766081050298975,8.945321085,26.10348436,45.99069636,37.0
220,Japan,JPN,2010,52.88963,4809420.0,128105432,82.84,Asia,6.682092705066662,6.823122755,21.63511575,39.44526545,37.0
221,Jordan,JOR,1990,2.8653927,410.0,3480591,69.87,Asia,2.6127838567197355,0.299322594,1.173060974,4.292929411,1.0
222,Jordan,JOR,2000,3.7335203,1120.0,5056172,71.73,Asia,3.0492180226701815,0.364772437,1.468957712,4.466919238,1.0
223,Jordan,JOR,2010,6.2548685,1030.0,6931263,73.43,Asia,3.012837224705172,0.600394048,2.138964513,6.125633933,1.0
224,Kazakhstan,KAZ,2000,3.7501287,37430.0,15236256,65.45,Asia,4.573219827114422,0.439970416,1.463414484,3.378921617,0.0
225,Kazakhstan,KAZ,2010,5.0726905,47050.0,16627839,68.45,Asia,4.672559627763276,0.542259841,1.669229037,2.930968,0.0
226,Kenya,KEN,1990,7.5716276,202130.0,23162270,57.41,Africa,5.305630775996965,0.805447106,3.876934209,12.73364553,5.0
227,Kenya,KEN,2000,6.1147084,215620.0,30851604,50.92,Africa,5.333689041703905,0.647723014,3.107244377,12.68115953,5.0
228,Kenya,KEN,2010,3.3407834,152590.0,41517896,60.96,Africa,5.183526073021722,0.347340242,1.605465317,6.127770517,5.0
229,Kiribati,KIR,1990,69.5543,26890.0,75140,59.64,Oceania,4.429590802223301,7.39098282,33.74803074,73.11497836,100.0
230,Kiribati,KIR,2000,70.424805,35460.0,88840,63.14,Oceania,4.549738731264899,7.18500237,30.47880565,62.55938083,100.0
231,Kiribati,KIR,2010,70.05194,43130.0,108011,65.77,Oceania,4.634779458145951,7.636577085,30.79730605,64.91124362,0.0
232,Kuwait,KWT,1990,5.903488,4450.0,1674942,72.15,Asia,3.6483600109809315,0.484823989,1.694383579,4.282315938,66.0
233,Kuwait,KWT,2000,10.540129,7350.0,1934910,73.14,Asia,3.8662873390841948,1.049875634,2.870625337,5.732234272,66.0
234,Kuwait,KWT,2010,14.922572,6680.0,2943364,74.36,Asia,3.824776462475546,1.487835265,3.810700542,7.491126384,67.0
235,Kyrgyzstan,KGZ,2000,0.8734931,110.0,4935185,,Asia,2.041392685158225,0.098945686,0.329952346,0.792253584,0.0
236,Kyrgyzstan,KGZ,2010,2.0565665,380.0,5483781,,Asia,2.57978359661681,0.220141596,0.730889052,1.768115983,0.0
237,Laos,LAO,1990,6.493771,28000.0,4314442,,Asia,4.447158031342219,0.707476726,4.117032524,33.79073731,0.0
238,Laos,LAO,2000,13.949035,71320.0,5430862,,Asia,4.853211334503317,1.510037595,7.533875196,44.26751812,0.0
239,Laos,LAO,2010,17.975908,113000.0,6323425,,Asia,5.05307844348342,1.95862296,8.701923054,42.75590483,0.0
240,Latvia,LVA,2000,13.299202,136730.0,2392536,70.31,Europe,5.13586381379987,1.443240879,5.380984114,10.59760943,27.0
241,Latvia,LVA,2010,27.80986,165370.0,2101537,73.48,Europe,5.2184567264004755,3.17047322,9.520174295,16.31165874,27.0
242,Lebanon,LBN,1990,0.41368172,1500.0,3593705,70.27,Asia,3.1760912590556813,0.046670816,0.2112851,0.721868326,54.0
243,Lebanon,LBN,2000,5.48819,4070.0002,4320650,74.51,Asia,3.609594430566472,0.552038593,2.227859303,5.897810236,54.0
244,Lebanon,LBN,2010,10.519104,4580.0,4995799,78.36,Asia,3.660865478003869,0.984294661,3.541666411,9.72818259,54.0
245,Lesotho,LSO,1990,0.017765386,30.0,1799004,59.84,Africa,1.4771212547196624,0.003242183,0.015278838,0.11037528,0.0
246,Lesotho,LSO,2000,0.6500446,40.0,1998632,47.69,Africa,1.6020599913279623,0.071179887,0.308959839,2.389078511,0.0
247,Lesotho,LSO,2010,0.86836153,350.0,2022752,45.1,Africa,2.5440680443502757,0.090043168,0.328601459,1.923076935,0.0
248,Liberia,LBR,1990,8.746095,6460.0,2209737,46.05,Africa,3.8102325179950842,0.864949808,6.399383182,35.72453391,24.0
249,Liberia,LBR,2000,5.6936426,11540.0,2895229,51.73,Africa,4.062205808819713,0.572410922,4.007146515,25.32258133,24.0
250,Liberia,LBR,2010,4.8202443,11720.0,4019958,59.6,Africa,4.068927611682072,0.469877056,3.654850292,19.3877557,24.0
251,Libya,LBY,2010,20.612293,50110.0,6491991,72.04,Africa,4.699924402742477,2.097794795,7.465277408,20.2149085,35.0
252,Lithuania,LTU,2000,35.722046,80980.0,3599639,72.02,Europe,4.908377772432394,3.73492674,10.41646018,22.19645847,7.0
253,Lithuania,LTU,2010,33.64124,153040.0,3139021,73.27,Europe,5.18480495701924,3.692277585,9.259259208,15.83295068,7.0
254,Macao,MAC,1990,30.74349,2580.0,350240,,Asia,3.41161970596323,3.42156256,11.98580623,22.66965075,100.0
255,Macao,MAC,2000,34.257614,1500.0,431904,,Asia,3.1760912590556813,3.537635845,14.02721355,23.94957855,100.0
256,Macao,MAC,2010,56.985,1500.0,557307,,Asia,3.1760912590556813,5.264185855,16.29403319,25.59533904,100.0
257,Madagascar,MDG,1990,8.0744915,103670.0,11882763,51.0,Africa,5.0156530985354655,0.865360031,4.855721417,17.01534251,12.0
258,Madagascar,MDG,2000,7.349931,127370.0,16216432,58.48,Africa,5.105067148810123,0.811550782,5.030755757,20.12302301,12.0
259,Madagascar,MDG,2010,5.5383825,135720.0,21731052,63.39,Africa,5.13264385097308,0.61107143,3.687030979,18.0862245,12.0
260,Malawi,MWI,1990,7.7836475,74100.0,9539669,46.1,Africa,4.869818207979328,0.838574068,4.441891237,48.94514628,0.0
261,Malawi,MWI,2000,4.8190002,50530.0,11229380,45.09,Africa,4.70354929823823,0.526208528,2.544936566,34.79318551,0.0
262,Malawi,MWI,2010,7.1423535,100930.0,14718426,55.56,Africa,5.004020273253242,0.775236786,3.169221824,38.18827713,0.0
263,Malaysia,MYS,1990,49.412903,1005500.0,17517060,70.86,Asia,6.00238207493276,5.17582775,22.29851249,41.61073891,31.0
264,Malaysia,MYS,2000,64.09217,1441020.0,22945152,72.59,Asia,6.158670008454074,6.82919964,24.51190108,44.82758548,32.0
265,Malaysia,MYS,2010,59.877983,1806730.0,28717728,74.49,Asia,6.2568932558971895,6.324317405,23.14049579,41.18608459,32.0
266,Maldives,MDV,1990,88.90548,80230.0,224976,61.53,Asia,4.904336792202495,10.49209509,41.27377936,81.51374878,0.0
267,Maldives,MDV,2000,176.65958,119370.0,282520,70.17,Asia,5.076895193866051,19.4443895,56.26658519,81.68617582,0.0
268,Maldives,MDV,2010,172.9491,122800.0,361579,75.9,Asia,5.089198366805149,20.17267035,51.65074184,75.64422209,0.0
269,Mali,MLI,1990,8.128684,70550.0,8945030,45.75,Africa,4.848497018090367,0.87091774,4.047727157,15.27936243,0.0
270,Mali,MLI,2000,9.129732,109900.0,11239103,48.07,Africa,5.040997692423491,0.913064509,4.084674823,17.55285078,0.0
271,Mali,MLI,2010,7.6072674,102080.0,15529183,55.25,Africa,5.008940661377087,0.675593173,2.308994121,8.504007019,0.0
272,Malta,MLT,1990,15.83556,790.0,365396,76.79,Europe,2.8976270912904414,1.502120416,4.373432705,8.719287728,100.0
273,Malta,MLT,2000,28.933197,2820.0,399212,78.35,Europe,3.450249108319361,2.902211506,7.21171715,13.89037746,100.0
274,Malta,MLT,2010,31.715813,4750.0,418758,81.4,Europe,3.6766936096248664,3.059839895,7.785842018,14.54225305,100.0
275,Mauritania,MRT,1990,7.0828676,66000.0,2006035,59.69,Africa,4.819543935541868,0.788095225,2.88759978,7.246868261,14.0
276,Mauritania,MRT,2000,9.013209,114480.0,2695018,60.71,Africa,5.05872962075172,1.078269167,4.111313275,10.42183628,15.0
277,Mauritania,MRT,2010,8.695502,276240.0,3419462,62.53,Africa,5.4412865653413975,1.010711645,3.495872021,9.468902656,15.0
278,Mauritius,MUS,1990,17.70499,14180.0,1090296,69.4,Africa,4.151676230847047,2.046873098,8.484759719,22.25211354,73.0
279,Mauritius,MUS,2000,22.717056,9700.0,1215930,71.66,Africa,3.9867717342662448,2.4402075,8.844765487,21.07526953,74.0
280,Mauritius,MUS,2010,20.985626,7930.0,1283347,72.97,Africa,3.8992731873176036,2.363946225,7.802249317,18.47946739,72.0
281,Mexico,MEX,1990,12.997854,1383480.0,81720424,70.87,North America,6.140972885231636,1.226422411,4.234700914,11.96998171,6.0
282,Mexico,MEX,2000,10.241634,1369670.0,97873448,74.34,North America,6.136615943475656,1.111774524,3.436302724,8.345449057,6.0
283,Mexico,MEX,2010,12.713904,1652740.0,112532400,75.06,North America,6.218204538116797,1.40623488,4.433037803,9.530975706,6.0
284,Moldova,MDA,2000,4.1344624,1740.0,4251571,67.01,Europe,3.2405492482826,0.454839129,1.948346011,5.805580218,0.0
285,Moldova,MDA,2010,12.775047,8840.0,3678186,69.62,Europe,3.946452265013073,1.317773881,4.623701598,11.30434766,0.0
286,Mongolia,MNG,1990,0.9093937,120.0,2161440,60.27,Asia,2.0791812460476247,0.1180191,0.423616627,0.660066008,0.0
287,Mongolia,MNG,2000,0.22493379,430.0,2450988,62.87,Asia,2.6334684555795866,0.028556812,0.105138661,0.159108995,0.0
288,Mongolia,MNG,2010,0.6240086,100.0,2702527,67.38,Asia,2.0,0.084492773,0.35937501,0.695074027,0.0
289,Morocco,MAR,1990,7.6824374,569350.0,24570816,64.73,Africa,5.755379324985936,0.865052409,2.736231764,16.46894537,21.0
290,Morocco,MAR,2000,8.144134,904640.0,28554420,68.68,Africa,5.956475786809426,0.895452493,3.019428098,16.05263194,22.0
291,Morocco,MAR,2010,14.316058,1136980.0,32464866,74.38,Africa,6.055752825315675,1.694515055,5.000000048,20.70190902,22.0
292,Mozambique,MOZ,1990,3.0290585,36430.0,13303461,45.26,Africa,4.561459171241916,0.342477383,2.976383293,28.04878101,16.0
293,Mozambique,MOZ,2000,1.9542663,41390.0,17768510,48.95,Africa,4.61689542640076,0.221500652,1.635255046,12.57995708,17.0
294,Mozambique,MOZ,2010,7.455184,163420.0,23073732,52.31,Africa,5.213305206162794,0.789168435,4.412988975,41.98019698,17.0
295,Myanmar,MMR,1990,15.924981,743820.0,40099556,56.85,Asia,5.871467851587975,1.506833041,9.506530716,54.20689652,9.0
296,Myanmar,MMR,2000,18.7052,1192110.0,45538340,60.06,Asia,6.076316331066031,1.747627519,9.001800374,44.91018115,8.0
297,Myanmar,MMR,2010,45.313576,2811850.0,49390988,63.52,Asia,6.448992149239026,5.52686285,17.5826796,45.26799465,8.0
298,Namibia,NAM,1990,10.552944,262450.0,1369016,61.61,Africa,5.41904657710416,0.90165147,4.254940402,14.01759559,4.0
299,Namibia,NAM,2000,13.64696,589890.0,1819148,52.19,Africa,5.770771033935497,1.462353155,5.909510944,14.73522623,5.0
300,Namibia,NAM,2010,12.728484,382500.0,2099275,56.66,Africa,5.582631439489637,1.33739942,6.130721238,16.73582353,5.0
301,Nepal,NPL,1990,0.74783415,14550.0,19616528,54.4,Asia,4.162862993321926,0.080876879,0.438356143,2.948402772,0.0
302,Nepal,NPL,2000,1.3027103,31720.0,24559504,62.29,Asia,4.501333178645567,0.141268552,0.727208224,4.999999858,0.0
303,Nepal,NPL,2010,1.9890602,49730.0,27161572,67.61,Asia,4.696618459232225,0.217802107,0.957396024,6.659267757,0.0
304,Netherlands,NLD,1990,10.690833,507240.0,14944550,76.88,Europe,5.705213493876644,1.061909684,3.116328861,4.702093529,26.0
305,Netherlands,NLD,2000,21.58673,571000.0,15899138,77.99,Europe,5.756636108245848,2.581479655,6.689941511,9.551394709,26.0
306,Netherlands,NLD,2010,24.43688,501360.0,16617121,80.7,Europe,5.700149681691914,2.751748761,7.008086255,10.49408505,26.0
307,New Caledonia,NCL,1990,23.689362,5380.0,177280,70.49,Oceania,3.7307822756663893,2.57136806,10.00948107,17.34334572,98.0
308,New Caledonia,NCL,2000,24.218227,5150.0,221548,75.16,Oceania,3.711807229041191,2.155422455,8.237472288,15.37891932,98.0
309,New Caledonia,NCL,2010,25.717215,5020.0,261435,77.28,Oceania,3.7007037171450192,2.439783589,8.310182616,13.78481284,98.0
310,New Zealand,NZL,1990,22.844114,380300.0,3397388,75.38,Oceania,5.580126325411582,2.183093105,6.069833197,9.355444048,63.0
311,New Zealand,NZL,2000,22.766134,639080.0,3855266,78.64,Oceania,5.805555226521253,2.28286768,7.328798842,13.35184744,65.0
312,New Zealand,NZL,2010,26.272211,546780.0,4346345,80.7,Oceania,5.737812620657139,2.62395361,8.375307487,15.34334774,65.0
313,Nicaragua,NIC,1990,0.3523515,3160.0,4227824,64.29,North America,3.499687082618404,0.035724525,0.219346358,0.84317034,6.0
314,Nicaragua,NIC,2000,3.06664,27810.0,5123223,69.53,North America,4.44420098886416,0.323440899,1.730171172,6.379928247,6.0
315,Nicaragua,NIC,2010,6.3951516,57950.0,5855736,72.43,North America,4.763053440299615,0.646178845,2.954356926,10.94038135,6.0
316,Niger,NER,1990,0.5465358,3350.0,8370650,43.54,Africa,3.525044807036845,0.064241113,0.313066387,1.529790549,0.0
317,Niger,NER,2000,1.1630458,16270.0,11622673,49.93,Africa,4.211387552936859,0.127698645,0.55689347,2.60563389,0.0
318,Niger,NER,2010,2.5911136,40070.0,16647545,57.33,Africa,4.6028193424327,0.281561073,0.934467472,7.528957127,0.0
319,Nigeria,NGA,1990,10.855725,316330.0,95214256,45.9,Africa,5.500140381345458,0.865043613,4.790905423,34.75699536,2.0
320,Nigeria,NGA,2000,6.661356,467100.0,122851984,46.27,Africa,5.669409867287783,0.744751585,3.49135693,30.22222121,2.0
321,Nigeria,NGA,2010,13.875536,817520.0,160952864,50.9,Africa,5.9124983861438105,1.33713297,6.026243689,42.66055146,2.0
322,North Korea,PRK,1990,23.136253,533000.0,20799522,,Asia,5.726727209026572,3.00863514,11.31999979,53.09568263,23.0
323,North Korea,PRK,2000,9.481208,279550.0,23367064,,Asia,5.4464594965946915,0.956135933,4.412975574,32.09580951,22.0
324,North Korea,PRK,2010,9.785218,281990.0,24686436,,Asia,5.450233707532753,0.961865082,4.708600182,27.46114025,22.0
325,North Macedonia,MKD,2000,4.2189074,1430.0,2037940,72.95,Europe,3.155336037465062,0.404269985,1.564055137,4.266873345,0.0
326,North Macedonia,MKD,2010,5.5817,1730.0,2093828,75.0,Europe,3.2380461031287955,0.527651373,1.890756301,4.758757443,0.0
327,Norway,NOR,1990,44.692745,1753540.0,4241637,76.54,Europe,6.2439156770217075,5.12627097,14.71974843,24.43478269,44.0
328,Norway,NOR,2000,49.838833,3190690.0,4491204,78.63,Europe,6.503884611204037,6.290064345,16.71030898,27.48006286,45.0
329,Norway,NOR,2010,54.17845,3699720.0,4889747,81.0,Europe,6.568168857295012,5.656811975,13.3787633,23.45380355,45.0
330,Oman,OMN,1990,22.668531,119780.0,1804528,67.18,Asia,5.07838430874819,1.8085677,7.710317038,17.51773039,49.0
331,Oman,OMN,2000,24.93979,120420.0,2344261,72.13,Asia,5.080698622871129,2.10332418,8.680946243,19.24398456,55.0
332,Oman,OMN,2010,28.944168,164050.0,2881915,75.68,Asia,5.214976234722067,2.73455372,8.670167204,17.24137919,55.0
333,Pakistan,PAK,1990,2.0213401,479080.0,115414072,60.1,Asia,5.68040804088332,0.217823459,1.059829038,3.569372417,3.0
334,Pakistan,PAK,2000,2.2268488,626550.0,154369920,62.82,Asia,5.796955734320802,0.238058512,1.151694563,3.267973703,3.0
335,Pakistan,PAK,2010,1.7346938,594570.0,194454496,65.26,Asia,5.774202992384649,0.195337579,0.97429859,2.581219299,3.0
336,Panama,PAN,1990,10.892196,133140.0,2449966,72.98,North America,5.124308552615652,1.196771125,5.861005134,11.88373758,42.0
337,Panama,PAN,2000,10.767729,228370.0,3001738,75.06,North America,5.358639051893465,1.393036735,6.212723642,11.20741197,46.0
338,Panama,PAN,2010,14.255831,188680.0,3623622,76.79,North America,5.275725867573664,1.93750614,7.340469995,14.29731931,46.0
339,Papua New Guinea,PNG,2010,15.627996,227670.0,7583269,62.03,Oceania,5.357305807546096,1.87560079,8.724832393,14.9299723,23.0
340,Paraguay,PRY,1990,3.235245,12550.0,4059198,68.54,South America,4.098643725817057,0.351584243,1.464501811,3.383597068,0.0
341,Paraguay,PRY,2000,5.742789,28100.0,5123817,70.55,South America,4.44870631990508,0.625024285,2.351928919,4.583566362,0.0
342,Paraguay,PRY,2010,4.1699414,20760.0,5768618,72.65,South America,4.31722734917642,0.454631955,1.905866917,5.289788619,0.0
343,Peru,PER,1990,26.982225,6874130.0,22109102,66.16,South America,6.837217741032045,2.36148649,12.90766252,34.18314261,26.0
344,Peru,PER,2000,20.728254,10663850.0,26654440,71.11,South America,7.027914027569489,2.01873689,9.054614919,29.2418783,26.0
345,Peru,PER,2010,22.29518,4390630.0,29229576,74.41,South America,6.64252684049114,2.145898437,7.894385531,18.56963518,26.0
346,Philippines,PHL,1990,35.865852,2209010.0,61558900,66.37,Asia,6.34419768188999,3.81638233,20.75509441,54.03016209,48.0
347,Philippines,PHL,2000,28.716755,2290010.0,77958224,68.79,Asia,6.3598373788182005,3.10485571,16.14366658,40.37824973,47.0
348,Philippines,PHL,2010,33.31258,3244890.0,94636704,69.82,Asia,6.511199979040016,3.595177,16.90524752,41.50627461,47.0
349,Poland,POL,1990,10.343247,474690.0,38064252,70.89,Europe,5.676410082802068,1.412073858,3.894269507,7.369224875,3.0
350,Poland,POL,2000,9.571706,253480.0,38504432,73.75,Europe,5.403943698453202,1.62504862,4.56495092,9.355379062,3.0
351,Poland,POL,2010,11.688472,220470.0,38597356,76.25,Europe,5.34334950209931,2.102336052,5.656881115,10.76066849,3.0
352,Portugal,PRT,1990,58.944836,329650.0,10007347,73.97,Europe,5.518053080079722,5.40128168,15.06697546,28.97540222,39.0
353,Portugal,PRT,2000,53.587914,198430.0,10300632,76.31,Europe,5.29760733238224,4.94102325,12.32914102,21.06820174,40.0
354,Portugal,PRT,2010,57.16099,231270.0,10588401,79.03,Europe,5.364119300390762,5.610423395,13.56171605,22.21258142,38.0
355,Romania,ROU,1990,5.618802,127730.0,22836234,69.74,Europe,5.1062929121756575,0.810632515,2.304832869,4.916176224,0.0
356,Romania,ROU,2000,2.6555252,17100.0,21919882,71.16,Europe,4.232996110392154,0.316875663,0.914076802,2.147006789,0.0
357,Romania,ROU,2010,6.826452,11670.0,20335212,73.46,Europe,4.06707085604537,0.670981106,1.66569254,3.560274723,0.0
358,Russia,RUS,2000,17.880028,4047660.0,146844848,,Europe,6.607204024996433,2.013677041,6.753119887,14.57233385,3.0
359,Russia,RUS,2010,22.619123,4190259.8,143242592,,Europe,6.62224095046237,2.762972255,7.701724362,14.7259613,3.0
360,Rwanda,RWA,1990,0.3844073,2510.0,7319970,33.41,Africa,3.399673721481038,0.043171899,0.266370685,3.797468298,0.0
361,Rwanda,RWA,2000,0.9006813,7000.0,8109994,48.65,Africa,3.845098040014257,0.098246729,0.606060565,7.580174789,0.0
362,Rwanda,RWA,2010,2.7558718,13100.0,10309032,63.43,Africa,4.117271295655764,0.316340974,1.464297447,13.56707323,0.0
363,Saint Kitts and Nevis,KNA,1990,26.487717,620.0,40663,,North America,2.792391689498254,3.047246665,11.99652204,20.93023135,100.0
364,Saint Kitts and Nevis,KNA,2000,35.22905,940.0,45492,,North America,2.9731278535996988,3.771955625,13.75504728,22.15478095,100.0
365,Saint Kitts and Nevis,KNA,2010,41.242275,21760.0,47429,,North America,4.337658891026142,4.00469532,13.6749931,20.83169799,100.0
366,Saint Lucia,LCA,1990,18.065136,960.0,142315,,North America,2.9822712330395684,2.070509001,8.033507157,14.58125611,100.0
367,Saint Lucia,LCA,2000,27.253767,2120.0,159513,,North America,3.326335860928751,2.88118298,9.299629452,14.99065561,100.0
368,Saint Lucia,LCA,2010,27.125475,1970.0,170950,,North America,3.294466226161593,2.916370294,9.722566586,16.56118058,100.0
369,Saint Vincent and the Grenadines,VCT,1990,14.235914,9020.0,112507,,North America,3.9552065375419416,1.59422072,7.672849516,14.24100142,100.0
370,Saint Vincent and the Grenadines,VCT,2000,15.094876,22800.0,113832,,North America,4.357934847000454,1.707257935,7.310201201,14.34807813,100.0
371,Saint Vincent and the Grenadines,VCT,2010,18.295708,66370.0,109324,,North America,4.8219718176420425,1.972370137,6.170332626,10.91380654,100.0
372,Samoa,WSM,1990,36.291782,1500.0,168202,66.28,Oceania,3.1760912590556813,4.64069614,19.28560924,33.81443197,94.0
373,Samoa,WSM,2000,51.637848,8600.0,184022,68.75,Oceania,3.934498451243568,5.55021263,21.47173394,36.04598721,95.0
374,Samoa,WSM,2010,46.412582,12850.0,194686,71.66,Oceania,4.108903127667313,4.47053095,15.20578821,24.69658937,95.0
375,Sao Tome and Principe,STP,1990,37.67953,3870.0,120355,58.25,Africa,3.5877109650189114,4.18339056,23.15851625,82.10306456,96.0
376,Sao Tome and Principe,STP,2000,25.637762,3700.0,143729,61.36,Africa,3.568201724066995,2.76391724,15.36197798,63.50365033,97.0
377,Sao Tome and Principe,STP,2010,26.828947,4840.0,182154,67.43,Africa,3.6848453616444123,2.99367598,14.87988649,48.5380143,97.0
378,Saudi Arabia,SAU,1990,5.569153,42620.0,16004768,69.08,Asia,4.629613445378183,0.583951017,2.01891143,5.484207214,10.0
379,Saudi Arabia,SAU,2000,6.6005044,55080.0,21547398,72.56,Asia,4.740993931584886,0.641539111,2.296042857,6.03337581,11.0
380,Saudi Arabia,SAU,2010,10.491,91520.0,29411930,73.92,Asia,4.961516011448949,1.055402026,3.573473681,8.858603043,11.0
381,Senegal,SEN,1990,27.778658,315110.0,7536003,57.2,Africa,5.4984621857062335,3.078884135,12.87279333,49.24330612,30.0
382,Senegal,SEN,2000,32.225334,435910.0,9704291,57.79,Africa,5.639396832071146,3.512723865,15.65030506,56.50357896,33.0
383,Senegal,SEN,2010,24.779015,409790.0,12530128,64.28,Africa,5.612561356217913,2.592538425,11.32989082,44.06779574,33.0
384,Seychelles,SYC,2010,59.44971,87110.0,92424,73.2,Africa,4.940068013739353,6.3897119,19.77973214,44.81976556,0.0
385,Sierra Leone,SLE,1990,12.534507,56560.0,4325390,38.56,Africa,4.752509400788843,1.333976231,9.697420553,57.84023627,23.0
386,Sierra Leone,SLE,2000,15.100279,74760.0,4584074,39.44,Africa,4.873669292706794,1.526239105,10.79254011,65.48797704,24.0
387,Sierra Leone,SLE,2010,30.461725,200080.0,6436699,49.38,Africa,5.301203678722446,3.107076005,16.73197342,70.81260262,25.0
388,Slovakia,SVK,2000,6.9044805,2250.0,5376700,,Europe,3.3521825181113627,0.691299853,2.708512675,5.947136403,0.0
389,Slovakia,SVK,2010,8.001211,2310.0,5396428,,Europe,3.3636119798921444,0.847988185,3.28425813,6.594656125,0.0
390,Slovenia,SVN,2000,6.6990566,3040.0,1984339,75.41,Europe,3.482873583608754,0.695478446,1.947719169,3.440159451,5.0
391,Slovenia,SVN,2010,11.142131,1710.0,2057294,79.42,Europe,3.2329961103921536,1.122400003,3.149928436,5.544554405,5.0
392,Solomon Islands,SLB,1990,43.530094,40870.0,324184,64.36,Oceania,4.611404637711593,5.560793615,31.03921484,76.73291255,84.0
393,Solomon Islands,SLB,2000,30.52732,19200.0,429986,67.44,Oceania,4.283301228703549,3.742135855,20.70032948,75.29908523,85.0
394,Solomon Islands,SLB,2010,36.903194,37440.0,540402,70.67,Oceania,4.5733358400660675,4.136831525,20.70319483,67.36353014,85.0
395,South Africa,ZAF,1990,9.208037,538200.0,39877568,63.31,Africa,5.730943693427736,1.017036,4.189789085,12.24655298,13.0
396,South Africa,ZAF,2000,5.8819737,646390.0,46813272,56.05,Africa,5.810494629049926,0.664356502,2.553077104,7.900207977,13.0
397,South Africa,ZAF,2010,5.8352947,631970.0,51784928,57.67,Africa,5.800696462548689,0.628134815,2.228769025,5.502846243,13.0
398,South Korea,KOR,1990,46.34193,2843270.0,44120040,,Asia,6.453818102723292,4.564650945,15.78365107,50.83135443,27.0
399,South Korea,KOR,2000,47.128094,2118410.0,46788588,,Asia,6.326010017860894,4.576613455,15.07739583,38.05547287,26.0
400,South Korea,KOR,2010,57.54124,2197520.0,48813036,,Asia,6.341932836351094,5.68687958,17.47495537,39.27840398,26.0
401,Spain,ESP,1990,35.193768,1321320.0,38889888,76.84,Europe,6.121008008685169,3.72963935,9.911745011,17.26643038,33.0
402,Spain,ESP,2000,41.804028,1365380.0,40741652,78.97,Europe,6.135253537044109,4.706018365,11.95233738,19.00874568,34.0
403,Spain,ESP,2010,42.887104,1227630.0,46572776,81.63,Europe,6.089067492887238,4.697947485,12.53137703,20.2717473,34.0
404,Sri Lanka,LKA,1990,15.2656555,183920.0,17204098,69.51,Asia,5.2646289582612225,1.936956085,11.3406503,54.27394664,29.0
405,Sri Lanka,LKA,2000,22.42284,300470.0,18776374,71.33,Asia,5.477801116988148,2.872211426,15.18497037,58.11712464,28.0
406,Sri Lanka,LKA,2010,25.44936,397130.0,20668556,75.44,Asia,5.598932695782928,3.030738445,14.60344895,56.35395928,28.0
407,Suriname,SUR,1990,11.44779,6500.0,412767,67.44,South America,3.8129133566428557,1.338829381,5.798005037,13.14023212,52.0
408,Suriname,SUR,2000,14.087672,21670.0,479011,67.82,South America,4.335858911319818,1.512353045,7.500882407,17.30456055,54.0
409,Suriname,SUR,2010,16.448757,35160.0,546085,70.46,South America,4.546048866401734,1.68657897,7.624680575,17.09677475,54.0
410,Sweden,SWE,1990,27.534077,260109.98,8548407,77.54,Europe,5.415157015693678,3.080763155,8.98337656,13.5989683,24.0
411,Sweden,SWE,2000,28.123037,343370.0,8871042,79.64,Europe,5.53576234847312,3.226948575,8.849735593,13.45919661,25.0
412,Sweden,SWE,2010,31.160923,222680.0,9381722,81.45,Europe,5.3476812126349005,2.945637235,7.573198331,11.63327088,25.0
413,Switzerland,CHE,1990,14.140158,4230.0,6711685,77.24,Europe,3.6263403673750423,1.281215518,3.75611831,6.038316575,0.0
414,Switzerland,CHE,2000,15.784642,2760.0,7182052,79.68,Europe,3.4409090820652177,1.391183703,4.169850569,7.067530161,0.0
415,Switzerland,CHE,2010,18.129808,3360.0,7822444,82.25,Europe,3.526339277389844,1.593140685,4.699288814,7.421276757,0.0
416,Syria,SYR,2010,3.0508246,15250.0,22337558,,Asia,4.183269843682805,0.30718646,1.084545183,4.688332167,5.0
417,Taiwan,TWN,1990,41.021885,1444290.0,20586176,,Asia,6.1596544042824934,3.93516209,13.1000718,28.73232071,42.0
418,Taiwan,TWN,2000,31.803406,1337740.0,22194740,,Asia,6.1263717131794255,3.09505035,9.250673568,19.68792937,41.0
419,Taiwan,TWN,2010,30.598442,1163340.0,23083086,,Asia,6.065706661025978,2.713276155,9.165221753,18.71995903,41.0
420,Tajikistan,TJK,2000,0.06902916,250.0,6273001,61.97,Asia,2.3979400086720375,0.007198755,0.040453071,0.240673871,0.0
421,Tajikistan,TJK,2010,0.3752743,1210.0,7621785,68.74,Asia,3.0827853703164503,0.039650693,0.187202184,0.87025319,0.0
422,Tanzania,TZA,1990,15.734829,414040.0,26206024,50.21,Africa,5.617042299913444,1.664750765,8.507164961,41.87500099,9.0
423,Tanzania,TZA,2000,7.4530168,340150.0,34463704,50.8,Africa,5.531670475296586,0.954825181,5.077600797,29.94350376,9.0
424,Tanzania,TZA,2010,6.3506594,376920.0,45110532,58.58,Africa,5.57624918244613,0.760702778,3.746244778,22.0603524,9.0
425,Thailand,THA,1990,20.500788,2789950.0,55228408,70.25,Asia,6.445596420148624,2.31850482,12.71273337,33.47732157,7.0
426,Thailand,THA,2000,30.970531,3735280.0,63066604,70.62,Asia,6.572323162482637,3.416890925,16.01014365,40.78380817,9.0
427,Thailand,THA,2010,24.291208,3096740.0,68270488,74.18,Asia,6.490904743843917,3.337432615,15.44215366,38.43607619,8.0
428,Togo,TGO,1990,13.135002,15800.0,3875958,55.89,Africa,4.198657086954422,1.444703836,8.343634287,51.85659599,17.0
429,Togo,TGO,2000,9.762945,22300.0,5008043,53.49,Africa,4.348304863048161,1.04244949,5.762446651,41.4084514,18.0
430,Togo,TGO,2010,11.149811,27640.0,6571862,57.47,Africa,4.441538038702161,1.112831236,5.817639127,38.80596892,18.0
431,Trinidad and Tobago,TTO,1990,11.742161,12360.0,1266525,68.09,North America,4.092018470752797,1.331196245,6.084017048,15.9966133,68.0
432,Trinidad and Tobago,TTO,2000,12.554333,14260.0,1332203,69.41,North America,4.1541195255158465,1.31320795,5.841446311,13.63144603,68.0
433,Trinidad and Tobago,TTO,2010,18.842329,13940.0,1410297,71.95,North America,4.144262773761991,1.965967745,7.237757881,14.24302801,68.0
434,Tunisia,TUN,1990,8.72292,89170.0,8440035,68.79,Africa,4.950218766641863,0.907665612,3.106936552,14.46188351,29.0
435,Tunisia,TUN,2000,9.916717,97110.0,9893326,73.17,Africa,4.987263954122236,1.022088148,3.247480666,12.23628775,30.0
436,Tunisia,TUN,2010,12.074731,98580.0,10895063,75.04,Africa,4.993788813818705,1.28619795,3.792017001,14.38246974,30.0
437,Turkey,TUR,1990,6.202193,384980.0,54324140,,Asia,5.58543816817018,0.685670349,1.7427387,7.311412258,6.0
438,Turkey,TUR,2000,7.9418855,582380.0,64113548,,Asia,5.765206452090041,0.855969749,2.272510308,9.101339323,6.0
439,Turkey,TUR,2010,6.768735,653650.0,73195352,,Asia,5.815345265515724,0.688879356,1.842206893,6.305711389,6.0
440,Turkmenistan,TKM,2000,2.1573427,12300.0,4569135,63.61,Asia,4.089905111439398,0.237307707,0.833228137,2.400000156,0.0
441,Turkmenistan,TKM,2010,3.7177377,15030.0,5267975,66.66,Asia,4.1769589805869085,0.398280773,1.271949558,3.185790778,0.0
442,Uganda,UGA,1990,13.70963,245280.0,17586634,45.85,Africa,5.3896621375102995,1.495745655,7.702399489,38.59155,0.0
443,Uganda,UGA,2000,7.6908784,220180.0,24020710,46.23,Africa,5.342777867387247,0.837355735,4.719334686,27.99013526,0.0
444,Uganda,UGA,2010,14.177721,508810.0,32341724,57.1,Africa,5.7065556382184655,1.53708946,7.359383028,34.88372059,0.0
445,Ukraine,UKR,2000,12.936742,422810.0,48879752,67.68,Europe,5.6261452503796185,1.45430454,5.085831535,12.78582978,0.0
446,Ukraine,UKR,2010,13.642466,232670.0,45683024,70.27,Europe,5.36674038984291,1.419578367,4.491260878,9.440389518,0.0
447,United Arab Emirates,ARE,1990,19.408113,95130.0,1900160,71.94,Asia,4.978317496746751,1.876798756,5.490713607,9.948510667,29.0
448,United Arab Emirates,ARE,2000,23.438686,105460.0,3275338,74.33,Asia,5.023087766995445,2.117704268,5.95204253,12.79804352,29.0
449,United Arab Emirates,ARE,2010,24.747444,79810.0,8481775,76.33,Asia,4.902057310808466,2.0751564,8.005678059,23.1907897,29.0
450,United Kingdom,GBR,1990,18.52923,817620.0,57210444,75.88,Europe,5.912551506302628,1.72559736,5.126251703,9.126138187,21.0
451,United Kingdom,GBR,2000,20.493225,914490.0,58850044,77.74,Europe,5.961178960803617,1.864501395,5.207585789,9.547077552,21.0
452,United Kingdom,GBR,2010,19.588516,823310.0,62760048,80.4,Europe,5.915563390424813,2.217781501,6.030150308,10.66945558,21.0
453,United States,USA,1990,22.487543,5871200.0,248083728,75.21,North America,6.7687268746915725,1.81608451,4.529323832,7.084428693,12.0
454,United States,USA,2000,22.211346,5174470.0,282398560,76.64,North America,6.71386587338248,1.842866458,4.397437112,6.923715006,12.0
455,United States,USA,2010,21.463146,4808740.0,311182848,78.54,North America,6.6820312961801,1.86054078,4.604786021,7.197506371,12.0
456,Uruguay,URY,1990,5.0885286,90830.0,3117011,72.57,South America,4.958229314188382,0.466149165,1.714209273,2.976052229,44.0
457,Uruguay,URY,2000,7.847995,113410.0,3292227,74.73,South America,5.054651350441741,0.832109407,2.634339716,4.338644843,44.0
458,Uruguay,URY,2010,5.4402795,74240.0,3352653,76.75,South America,4.870637963210806,0.592419419,1.907228641,3.527874707,43.0
459,Uzbekistan,UZB,2000,0.39845046,8960.0,24925558,67.16,Asia,3.9523080096621253,0.043630322,0.184814403,0.554785003,0.0
460,Uzbekistan,UZB,2010,0.5281805,10730.0,28614234,69.67,Asia,4.0305997219659515,0.058199509,0.186176391,0.523731555,0.0
461,Vanuatu,VUT,1990,31.835388,41800.0,150900,64.72,Oceania,4.6211762817750355,2.830310156,14.068575,36.39688976,94.0
462,Vanuatu,VUT,2000,31.117931,70500.0,192087,67.36,Oceania,4.848189116991398,3.283322095,15.27141867,38.32581006,94.0
463,Vanuatu,VUT,2010,31.97764,101330.0,245464,69.12,Oceania,5.005738042651425,3.389956845,14.70991302,37.4128574,94.0
464,Venezuela,VEN,1990,12.973703,336190.0,19750580,,South America,5.526584791169458,1.36443789,6.937488627,16.21153054,23.0
465,Venezuela,VEN,2000,15.3975525,372710.0,24427732,,South America,5.571371045253321,1.644820305,7.313118211,15.42935392,22.0
466,Venezuela,VEN,2010,10.488571,237080.0,28715026,,South America,5.37489491856698,0.990521232,3.610964569,7.197268087,22.0
467,Vietnam,VNM,1990,13.058506,939230.0,66912616,70.55,Asia,5.972771955950364,1.251731949,7.535641291,38.54166654,16.0
468,Vietnam,VNM,2000,20.713171,2128130.0,79001144,73.02,Asia,6.3279981539605075,2.00312657,9.99254361,37.79971973,16.0
469,Vietnam,VNM,2010,33.84429,4932810.0,87411016,74.84,Asia,6.693094387803374,3.37205104,12.44239767,33.00971122,16.0
470,Yemen,YEM,1990,4.663066,77310.0,13375127,,Asia,4.888235673270567,0.489048973,2.749638344,14.82926874,8.0
471,Yemen,YEM,2000,4.6091614,114750.0,18628704,,Asia,5.0597526942092985,0.539036745,2.754386232,15.52918017,8.0
472,Yemen,YEM,2010,2.7979958,164010.0,24743944,,Asia,5.2148703286112195,0.269833477,1.303845545,6.507413676,8.0
473,Zambia,ZMB,1990,8.583525,66330.0,7686405,49.25,Africa,4.821709997298377,0.90152529,4.726562456,24.37059434,0.0
474,Zambia,ZMB,2000,7.3017015,70910.0,9891140,44.0,Africa,4.850707485374537,0.771580435,4.471807912,22.57360827,0.0
475,Zambia,ZMB,2010,6.649058,86690.0,13792095,55.66,Africa,4.937969002951453,0.702146449,3.80042871,17.01570688,0.0
476,Zimbabwe,ZWE,1990,2.565357,25760.0,10113899,58.1,Africa,4.410945858687774,0.279396331,1.4738101,8.149779963,0.0
477,Zimbabwe,ZWE,2000,2.1659396,15270.0,11834679,44.65,Africa,4.183839037056421,0.235242172,1.341839013,6.939704116,0.0
478,Zimbabwe,ZWE,2010,2.3338897,13980.0,12839774,50.64,Africa,4.145507171409663,0.249063637,1.079305503,2.380952584,0.0
