Entity,Code,Year,Marine protected areas (% of territorial waters)
Albania,ALB,2016,2.714431047439575
Albania,ALB,2017,2.7180330753326416
Albania,ALB,2018,2.7180330753326416
Albania,ALB,2019,2.8392789363861084
Albania,ALB,2020,2.8392789363861084
Albania,ALB,2021,2.8392791748046875
Algeria,DZA,2016,0.08527594804763794
Algeria,DZA,2017,0.08548310399055481
Algeria,DZA,2018,0.08548310399055481
Algeria,DZA,2019,0.08548299968242645
Algeria,DZA,2020,0.06802300363779068
Algeria,DZA,2021,0.06802259385585785
American Samoa,ASM,2016,8.710817337036133
American Samoa,ASM,2017,8.715875625610352
American Samoa,ASM,2018,8.715875625610352
American Samoa,ASM,2019,8.715875625610352
American Samoa,ASM,2020,0.002208000048995018
American Samoa,ASM,2021,8.723742485046387
Angola,AGO,2016,0.004860726185142994
Angola,AGO,2017,0.004929827060550451
Angola,AGO,2018,0.004929827060550451
Angola,AGO,2019,0.0049299998208880424
Angola,AGO,2020,0.0049299998208880424
Angola,AGO,2021,0.0049298228695988655
Antigua and Barbuda,ATG,2016,0.19171850383281708
Antigua and Barbuda,ATG,2017,0.18150447309017181
Antigua and Barbuda,ATG,2018,0.18150447309017181
Antigua and Barbuda,ATG,2019,0.1815039962530136
Antigua and Barbuda,ATG,2020,0.2995089888572693
Antigua and Barbuda,ATG,2021,0.2999420762062073
Argentina,ARG,2016,4.019939422607422
Argentina,ARG,2017,3.796992540359497
Argentina,ARG,2018,3.796992540359497
Argentina,ARG,2019,11.767669677734375
Argentina,ARG,2020,11.76653003692627
Argentina,ARG,2021,11.766525268554688
Aruba,ABW,2017,0.00010515668691368774
Aruba,ABW,2018,0.00010515668691368774
Aruba,ABW,2019,0.0001049999991664663
Aruba,ABW,2020,0.0001049999991664663
Aruba,ABW,2021,0.00010515699977986515
Australia,AUS,2016,40.6534423828125
Australia,AUS,2017,40.559410095214844
Australia,AUS,2018,40.559410095214844
Australia,AUS,2019,40.559410095214844
Australia,AUS,2020,40.844661712646484
Australia,AUS,2021,44.33663558959961
Azerbaijan,AZE,2016,0.4365314841270447
Azerbaijan,AZE,2017,0.43692952394485474
Azerbaijan,AZE,2018,0.43692952394485474
Azerbaijan,AZE,2019,0.43692898750305176
Azerbaijan,AZE,2020,0.43692898750305176
Azerbaijan,AZE,2021,0.4369288682937622
Bahamas,BHS,2016,0.5656635761260986
Bahamas,BHS,2017,7.922886371612549
Bahamas,BHS,2018,7.922886371612549
Bahamas,BHS,2019,7.922883987426758
Bahamas,BHS,2020,7.922883987426758
Bahamas,BHS,2021,7.922884464263916
Bahrain,BHR,2016,1.2446284294128418
Bahrain,BHR,2017,1.242239236831665
Bahrain,BHR,2018,1.242239236831665
Bahrain,BHR,2019,1.242277979850769
Bahrain,BHR,2020,1.242277979850769
Bahrain,BHR,2021,1.24227774143219
Bangladesh,BGD,2016,5.356940269470215
Bangladesh,BGD,2017,5.357190132141113
Bangladesh,BGD,2018,5.357190132141113
Bangladesh,BGD,2019,5.356943130493164
Bangladesh,BGD,2020,5.356943130493164
Bangladesh,BGD,2021,5.356942653656006
Barbados,BRB,2016,0.005945309996604919
Barbados,BRB,2017,0.005846512038260698
Barbados,BRB,2018,0.005846512038260698
Barbados,BRB,2019,0.005578000098466873
Barbados,BRB,2020,0.005578000098466873
Barbados,BRB,2021,0.005578455049544573
Belgium,BEL,2016,36.651180267333984
Belgium,BEL,2017,36.655242919921875
Belgium,BEL,2018,36.655242919921875
Belgium,BEL,2019,36.653419494628906
Belgium,BEL,2020,36.653419494628906
Belgium,BEL,2021,36.65341567993164
Belize,BLZ,2016,10.080055236816406
Belize,BLZ,2017,10.078875541687012
Belize,BLZ,2018,10.078875541687012
Belize,BLZ,2019,10.078920364379883
Belize,BLZ,2020,11.019180297851562
Belize,BLZ,2021,11.019183158874512
Benin,BEN,2017,0
Benin,BEN,2018,0
Bermuda,BMU,2016,0.03299060836434364
Bermuda,BMU,2017,0.00005642069663736038
Bermuda,BMU,2018,0.00005642069663736038
Bermuda,BMU,2019,0.000056000000768108293
Bermuda,BMU,2020,0.000056000000768108293
Bermuda,BMU,2021,0.000056400000175926834
Bosnia and Herzegovina,BIH,2017,0
Bosnia and Herzegovina,BIH,2018,0
Brazil,BRA,2016,1.6849442720413208
Brazil,BRA,2017,26.624107360839844
Brazil,BRA,2018,26.624107360839844
Brazil,BRA,2019,26.624099731445312
Brazil,BRA,2020,26.821489334106445
Brazil,BRA,2021,26.82148551940918
British Virgin Islands,VGB,2016,0.055880144238471985
British Virgin Islands,VGB,2017,0.004115695599466562
British Virgin Islands,VGB,2018,0.004115695599466562
British Virgin Islands,VGB,2019,0.0041160001419484615
British Virgin Islands,VGB,2020,0.0041160001419484615
British Virgin Islands,VGB,2021,0.004115670919418335
Brunei,BRN,2016,0.20234723389148712
Brunei,BRN,2017,0.20110206305980682
Brunei,BRN,2018,0.20110206305980682
Brunei,BRN,2019,0.2010989934206009
Brunei,BRN,2020,0.2010989934206009
Brunei,BRN,2021,0.20109879970550537
Bulgaria,BGR,2016,8.103059768676758
Bulgaria,BGR,2017,8.103309631347656
Bulgaria,BGR,2018,8.103309631347656
Bulgaria,BGR,2019,8.108619689941406
Bulgaria,BGR,2020,8.108338356018066
Bulgaria,BGR,2021,8.108338356018066
Cambodia,KHM,2016,0.18554461002349854
Cambodia,KHM,2017,0.18576738238334656
Cambodia,KHM,2018,0.18576738238334656
Cambodia,KHM,2019,0.1857679933309555
Cambodia,KHM,2020,1.4415580034255981
Cambodia,KHM,2021,1.4415576457977295
Cameroon,CMR,2016,3.4071667194366455
Cameroon,CMR,2017,3.4096405506134033
Cameroon,CMR,2018,3.4096405506134033
Cameroon,CMR,2019,11.462650299072266
Cameroon,CMR,2020,10.891900062561035
Cameroon,CMR,2021,10.891898155212402
Canada,CAN,2016,0.8718722462654114
Canada,CAN,2017,0.8718818426132202
Canada,CAN,2018,0.8718818426132202
Canada,CAN,2019,2.9073879718780518
Canada,CAN,2020,8.784921646118164
Canada,CAN,2021,8.857775688171387
Cape Verde,CPV,2017,0.0006769939791411161
Cape Verde,CPV,2018,0.0006769939791411161
Cape Verde,CPV,2019,0.0006769999745301902
Cape Verde,CPV,2020,0.0006769999745301902
Cape Verde,CPV,2021,0.0006769939791411161
Cayman Islands,CYM,2016,0.07775562256574631
Cayman Islands,CYM,2017,0.07767341285943985
Cayman Islands,CYM,2018,0.07767341285943985
Cayman Islands,CYM,2019,0.07767300307750702
Cayman Islands,CYM,2020,0.07767300307750702
Cayman Islands,CYM,2021,0.07767312228679657
Chile,CHL,2016,12.595203399658203
Chile,CHL,2017,28.814451217651367
Chile,CHL,2018,28.814451217651367
Chile,CHL,2019,41.19150924682617
Chile,CHL,2020,41.32516098022461
Chile,CHL,2021,41.32516098022461
China,CHN,2016,3.766775131225586
China,CHN,2017,5.406831741333008
China,CHN,2018,5.406831741333008
China,CHN,2019,5.406830787658691
China,CHN,2020,5.47900915145874
China,CHN,2021,5.479008674621582
Colombia,COL,2016,2.063793182373047
Colombia,COL,2017,17.069887161254883
Colombia,COL,2018,17.069887161254883
Colombia,COL,2019,17.060840606689453
Colombia,COL,2020,17.165700912475586
Colombia,COL,2021,17.16570281982422
Comoros,COM,2016,0.02296001836657524
Comoros,COM,2017,0.022636402398347855
Comoros,COM,2018,0.022636402398347855
Comoros,COM,2019,0.02263600006699562
Comoros,COM,2020,0.37447699904441833
Comoros,COM,2021,0.3744772672653198
Congo,COG,2016,3.205932140350342
Congo,COG,2017,3.211703062057495
Congo,COG,2018,3.211703062057495
Congo,COG,2019,3.211738109588623
Congo,COG,2020,3.0105459690093994
Congo,COG,2021,3.0105464458465576
Costa Rica,CRI,2016,0.8335210680961609
Costa Rica,CRI,2017,0.8334474563598633
Costa Rica,CRI,2018,0.8334474563598633
Costa Rica,CRI,2019,2.6143760681152344
Costa Rica,CRI,2020,2.728769063949585
Costa Rica,CRI,2021,2.7287685871124268
Cote d'Ivoire,CIV,2016,0.07435275614261627
Cote d'Ivoire,CIV,2017,0.07456597685813904
Cote d'Ivoire,CIV,2018,0.07456597685813904
Cote d'Ivoire,CIV,2019,0.07456599920988083
Cote d'Ivoire,CIV,2020,0.07257600128650665
Cote d'Ivoire,CIV,2021,0.072575643658638
Croatia,HRV,2016,8.540921211242676
Croatia,HRV,2017,8.541085243225098
Croatia,HRV,2018,8.541085243225098
Croatia,HRV,2019,8.54102897644043
Croatia,HRV,2020,8.991410255432129
Croatia,HRV,2021,8.987750053405762
Cuba,CUB,2016,4.324744701385498
Cuba,CUB,2017,4.324950695037842
Cuba,CUB,2018,4.324950695037842
Cuba,CUB,2019,3.851970911026001
Cuba,CUB,2020,3.8522489070892334
Cuba,CUB,2021,3.8522491455078125
Curacao,CUW,2016,0.03274930268526077
Curacao,CUW,2017,0.034170929342508316
Curacao,CUW,2018,0.034170929342508316
Curacao,CUW,2019,0.03817399963736534
Curacao,CUW,2020,0.03817399963736534
Curacao,CUW,2021,0.03817383572459221
Cyprus,CYP,2016,0.12311825156211853
Cyprus,CYP,2017,0.122715525329113
Cyprus,CYP,2018,0.122715525329113
Cyprus,CYP,2019,0.12307800352573395
Cyprus,CYP,2020,8.620538711547852
Cyprus,CYP,2021,8.620538711547852
Democratic Republic of Congo,COD,2016,0.23369064927101135
Democratic Republic of Congo,COD,2017,0.23643919825553894
Democratic Republic of Congo,COD,2018,0.23643919825553894
Democratic Republic of Congo,COD,2019,0.2364320009946823
Democratic Republic of Congo,COD,2020,0.2364320009946823
Democratic Republic of Congo,COD,2021,0.23643194139003754
Denmark,DNK,2016,17.8481502532959
Denmark,DNK,2017,17.8489933013916
Denmark,DNK,2018,17.8489933013916
Denmark,DNK,2019,17.91983985900879
Denmark,DNK,2020,18.32221031188965
Denmark,DNK,2021,18.322139739990234
Djibouti,DJI,2016,0.5404559969902039
Djibouti,DJI,2017,0.16786746680736542
Djibouti,DJI,2018,0.16786746680736542
Djibouti,DJI,2019,0.16786499321460724
Djibouti,DJI,2020,0.16786499321460724
Djibouti,DJI,2021,0.16786451637744904
Dominica,DMA,2016,0.013913431204855442
Dominica,DMA,2017,0.10527797043323517
Dominica,DMA,2018,0.10527797043323517
Dominica,DMA,2019,0.03482700139284134
Dominica,DMA,2020,0.03478899970650673
Dominica,DMA,2021,0.034776829183101654
Dominican Republic,DOM,2016,9.084691047668457
Dominican Republic,DOM,2017,17.957904815673828
Dominican Republic,DOM,2018,17.957904815673828
Dominican Republic,DOM,2019,17.957759857177734
Dominican Republic,DOM,2020,17.957759857177734
Dominican Republic,DOM,2021,17.957759857177734
East Asia and Pacific,,2016,15.996840476989746
East Asia and Pacific,,2017,16.85610580444336
East Asia and Pacific,,2018,16.85607147216797
Ecuador,ECU,2016,13.050639152526855
Ecuador,ECU,2017,13.346171379089355
Ecuador,ECU,2018,13.346171379089355
Ecuador,ECU,2019,13.345919609069824
Ecuador,ECU,2020,13.345919609069824
Ecuador,ECU,2021,13.345922470092773
Egypt,EGY,2016,4.951564311981201
Egypt,EGY,2017,4.951488971710205
Egypt,EGY,2018,4.951488971710205
Egypt,EGY,2019,4.951488018035889
Egypt,EGY,2020,4.951488018035889
Egypt,EGY,2021,4.9514875411987305
El Salvador,SLV,2016,0.7056601643562317
El Salvador,SLV,2017,0.705446720123291
El Salvador,SLV,2018,0.705446720123291
El Salvador,SLV,2019,0.7054460048675537
El Salvador,SLV,2020,0.7070329785346985
El Salvador,SLV,2021,0.7070334553718567
Equatorial Guinea,GNQ,2016,0.23520663380622864
Equatorial Guinea,GNQ,2017,0.23511509597301483
Equatorial Guinea,GNQ,2018,0.23511509597301483
Equatorial Guinea,GNQ,2019,0.23511500656604767
Equatorial Guinea,GNQ,2020,0.23511500656604767
Equatorial Guinea,GNQ,2021,0.23511473834514618
Eritrea,ERI,2017,0
Eritrea,ERI,2018,0
Estonia,EST,2016,18.62632942199707
Estonia,EST,2017,18.620441436767578
Estonia,EST,2018,18.620441436767578
Estonia,EST,2019,18.634920120239258
Estonia,EST,2020,18.778839111328125
Estonia,EST,2021,18.778709411621094
Europe and Central Asia,,2016,4.78550386428833
Europe and Central Asia,,2017,5.523921012878418
Europe and Central Asia,,2018,5.609424591064453
European Union,,2016,16.835355758666992
European Union,,2017,21.55470085144043
European Union,,2018,22.15319061279297
Faeroe Islands,FRO,2016,0.01087280921638012
Faeroe Islands,FRO,2017,0.010831248946487904
Faeroe Islands,FRO,2018,0.010831248946487904
Faeroe Islands,FRO,2019,0.010831000283360481
Faeroe Islands,FRO,2020,0.010831000283360481
Faeroe Islands,FRO,2021,0.01083123218268156
Fiji,FJI,2016,0.9244144558906555
Fiji,FJI,2017,0.9248794317245483
Fiji,FJI,2018,0.9248794317245483
Fiji,FJI,2019,0.9248800277709961
Fiji,FJI,2020,0.9248800277709961
Fiji,FJI,2021,0.9248796105384827
Finland,FIN,2016,11.130293846130371
Finland,FIN,2017,10.509963035583496
Finland,FIN,2018,10.509963035583496
Finland,FIN,2019,12.11061954498291
Finland,FIN,2020,11.986869812011719
Finland,FIN,2021,11.987005233764648
France,FRA,2016,26.16684913635254
France,FRA,2017,45.04579544067383
France,FRA,2018,45.04579544067383
France,FRA,2019,48.928768157958984
France,FRA,2020,50.356529235839844
France,FRA,2021,49.82694625854492
French Polynesia,PYF,2016,0.004316574893891811
French Polynesia,PYF,2017,0.004315389320254326
French Polynesia,PYF,2018,0.004315389320254326
French Polynesia,PYF,2019,0.004315000027418137
French Polynesia,PYF,2020,0.004315000027418137
French Polynesia,PYF,2021,0.042181484401226044
Gabon,GAB,2016,0.9689987897872925
Gabon,GAB,2017,28.827177047729492
Gabon,GAB,2018,28.827177047729492
Gabon,GAB,2019,28.82714080810547
Gabon,GAB,2020,28.82714080810547
Gabon,GAB,2021,28.827136993408203
Gambia,GMB,2016,0.07034358382225037
Gambia,GMB,2017,0.06967712938785553
Gambia,GMB,2018,0.06967712938785553
Gambia,GMB,2019,0.06967899948358536
Gambia,GMB,2020,0.6038399934768677
Gambia,GMB,2021,0.6038402318954468
Georgia,GEO,2016,0.6679180860519409
Georgia,GEO,2017,0.6677560806274414
Georgia,GEO,2018,0.6677560806274414
Georgia,GEO,2019,0.6677560210227966
Georgia,GEO,2020,0.6677560210227966
Georgia,GEO,2021,0.6677558422088623
Germany,DEU,2016,45.35655212402344
Germany,DEU,2017,45.35739517211914
Germany,DEU,2018,45.35739517211914
Germany,DEU,2019,45.38045120239258
Germany,DEU,2020,45.38862991333008
Germany,DEU,2021,45.460426330566406
Ghana,GHA,2016,0.09260949492454529
Ghana,GHA,2017,0.09740620851516724
Ghana,GHA,2018,0.09740620851516724
Ghana,GHA,2019,0.09740599989891052
Ghana,GHA,2020,0.09669200330972672
Ghana,GHA,2021,0.0966918095946312
Gibraltar,GIB,2016,12.889617919921875
Gibraltar,GIB,2017,12.821727752685547
Gibraltar,GIB,2018,12.821727752685547
Gibraltar,GIB,2019,12.829360008239746
Greece,GRC,2016,1.4571834802627563
Greece,GRC,2017,4.517865180969238
Greece,GRC,2018,4.517865180969238
Greece,GRC,2019,4.5178608894348145
Greece,GRC,2020,4.517862796783447
Greece,GRC,2021,4.517871379852295
Greenland,GRL,2016,4.518723011016846
Greenland,GRL,2017,4.518739223480225
Greenland,GRL,2018,4.518739223480225
Greenland,GRL,2019,4.518750190734863
Greenland,GRL,2020,4.515592098236084
Greenland,GRL,2021,4.513874530792236
Grenada,GRD,2016,0.041854534298181534
Grenada,GRD,2017,0.08625026792287827
Grenada,GRD,2018,0.08625026792287827
Grenada,GRD,2019,0.08625199645757675
Grenada,GRD,2020,0.09803599864244461
Grenada,GRD,2021,0.09803568571805954
Guam,GUM,2016,0.008887347765266895
Guam,GUM,2017,0.0090674152597785
Guam,GUM,2018,0.0090674152597785
Guam,GUM,2019,0.009066999889910221
Guam,GUM,2020,0.01828400045633316
Guam,GUM,2021,0.019794199615716934
Guatemala,GTM,2016,0.8078663945198059
Guatemala,GTM,2017,0.9001436233520508
Guatemala,GTM,2018,0.9001436233520508
Guatemala,GTM,2019,0.9001410007476807
Guatemala,GTM,2020,0.8059849739074707
Guatemala,GTM,2021,0.805985152721405
Guinea,GIN,2016,0.5293440818786621
Guinea,GIN,2017,0.5295714735984802
Guinea,GIN,2018,0.5295714735984802
Guinea,GIN,2019,0.5295699834823608
Guinea,GIN,2020,0.5295699834823608
Guinea,GIN,2021,0.5297287702560425
Guinea-Bissau,GNB,2016,10.009708404541016
Guinea-Bissau,GNB,2017,10.00941276550293
Guinea-Bissau,GNB,2018,10.00941276550293
Guinea-Bissau,GNB,2019,10.00944995880127
Guinea-Bissau,GNB,2020,8.988975524902344
Guinea-Bissau,GNB,2021,8.98897647857666
Guyana,GUY,2016,0.012416915968060493
Guyana,GUY,2017,0.012712372466921806
Guyana,GUY,2018,0.012712372466921806
Guyana,GUY,2019,0.018884999677538872
Guyana,GUY,2020,0.018884999677538872
Guyana,GUY,2021,0.0188851710408926
Haiti,HTI,2017,0
Haiti,HTI,2018,0
Haiti,HTI,2019,1.46356201171875
Haiti,HTI,2020,1.46356201171875
Haiti,HTI,2021,1.4744833707809448
High income,,2016,22.330812454223633
High income,,2017,23.256513595581055
High income,,2018,23.319429397583008
Honduras,HND,2016,4.1828203201293945
Honduras,HND,2017,4.157067775726318
Honduras,HND,2018,4.157067775726318
Honduras,HND,2019,4.157063961029053
Honduras,HND,2020,4.5779128074646
Honduras,HND,2021,4.577913284301758
Hong Kong,HKG,2021,100
Iceland,ISL,2016,0.38032183051109314
Iceland,ISL,2017,0.38033527135849
Iceland,ISL,2018,0.38033527135849
Iceland,ISL,2019,0.3804360032081604
Iceland,ISL,2020,0.4211060106754303
Iceland,ISL,2021,0.42458078265190125
India,IND,2016,0.170691579580307
India,IND,2017,0.1707058548927307
India,IND,2018,0.1707058548927307
India,IND,2019,0.17070600390434265
India,IND,2020,0.17070600390434265
India,IND,2021,0.24088314175605774
Indonesia,IDN,2016,2.882554054260254
Indonesia,IDN,2017,3.0573232173919678
Indonesia,IDN,2018,3.0573232173919678
Indonesia,IDN,2019,3.0573320388793945
Indonesia,IDN,2020,3.0576000213623047
Indonesia,IDN,2021,3.057600498199463
Iran,IRN,2016,0.8047131299972534
Iran,IRN,2017,0.8045534491539001
Iran,IRN,2018,0.8045534491539001
Iran,IRN,2019,0.8045549988746643
Iran,IRN,2020,0.8045549988746643
Iran,IRN,2021,0.8045547604560852
Iraq,IRQ,2017,0
Iraq,IRQ,2018,0
Ireland,IRL,2016,2.3323235511779785
Ireland,IRL,2017,2.332110643386841
Ireland,IRL,2018,2.332110643386841
Ireland,IRL,2019,2.3321421146392822
Ireland,IRL,2020,2.331835985183716
Ireland,IRL,2021,2.331835985183716
Isle of Man,IMN,2016,0
Isle of Man,IMN,2021,100
Israel,ISR,2016,0.03231017664074898
Israel,ISR,2017,0.03255193680524826
Israel,ISR,2018,0.03255193680524826
Israel,ISR,2019,0.032552000135183334
Israel,ISR,2020,0.042507000267505646
Israel,ISR,2021,0.04250682145357132
Italy,ITA,2016,8.78357219696045
Italy,ITA,2017,8.794648170471191
Italy,ITA,2018,8.794648170471191
Italy,ITA,2019,8.77793025970459
Italy,ITA,2020,9.735906600952148
Italy,ITA,2021,9.735966682434082
Jamaica,JAM,2016,0.7545990943908691
Jamaica,JAM,2017,0.7545972466468811
Jamaica,JAM,2018,0.7545972466468811
Jamaica,JAM,2019,0.7545959949493408
Jamaica,JAM,2020,0.7545959949493408
Jamaica,JAM,2021,0.7544643878936768
Japan,JPN,2016,0.4934920370578766
Japan,JPN,2017,8.23376178741455
Japan,JPN,2018,8.23376178741455
Japan,JPN,2019,8.23376178741455
Japan,JPN,2020,8.233667373657227
Japan,JPN,2021,13.89171028137207
Jordan,JOR,2016,35.21878433227539
Jordan,JOR,2017,35.590911865234375
Jordan,JOR,2018,35.590911865234375
Jordan,JOR,2019,35.717838287353516
Jordan,JOR,2020,0.9820709824562073
Jordan,JOR,2021,0.9820715188980103
Kazakhstan,KAZ,2016,1.0496704578399658
Kazakhstan,KAZ,2017,1.0492124557495117
Kazakhstan,KAZ,2018,1.0492124557495117
Kazakhstan,KAZ,2019,1.0492119789123535
Kazakhstan,KAZ,2020,50.72808837890625
Kazakhstan,KAZ,2021,50.728092193603516
Kenya,KEN,2016,0.8042675852775574
Kenya,KEN,2017,0.8041839599609375
Kenya,KEN,2018,0.8041839599609375
Kenya,KEN,2019,0.8041809797286987
Kenya,KEN,2020,0.7628769874572754
Kenya,KEN,2021,0.7628775238990784
Kiribati,KIR,2016,11.814154624938965
Kiribati,KIR,2017,11.817900657653809
Kiribati,KIR,2018,11.817900657653809
Kiribati,KIR,2019,11.817899703979492
Kiribati,KIR,2020,11.817899703979492
Kiribati,KIR,2021,11.815164566040039
Kuwait,KWT,2016,1.4795137643814087
Kuwait,KWT,2017,1.4792757034301758
Kuwait,KWT,2018,1.4792757034301758
Kuwait,KWT,2019,1.3642539978027344
Kuwait,KWT,2020,1.3642539978027344
Kuwait,KWT,2021,1.364254355430603
Latin America and Caribbean,,2016,2.7349965572357178
Latin America and Caribbean,,2017,17.537622451782227
Latin America and Caribbean,,2018,17.537622451782227
Latvia,LVA,2016,16.035541534423828
Latvia,LVA,2017,16.036361694335938
Latvia,LVA,2018,16.036361694335938
Latvia,LVA,2019,16.036609649658203
Latvia,LVA,2020,16.03788948059082
Latvia,LVA,2021,16.037357330322266
Lebanon,LBN,2016,0.21226146817207336
Lebanon,LBN,2017,0.21142858266830444
Lebanon,LBN,2018,0.21142858266830444
Lebanon,LBN,2019,0.21142999827861786
Lebanon,LBN,2020,0.21142999827861786
Lebanon,LBN,2021,0.225288525223732
Liberia,LBR,2016,0.10170817375183105
Liberia,LBR,2017,0.10334248840808868
Liberia,LBR,2018,0.10334248840808868
Liberia,LBR,2019,0.10334300249814987
Liberia,LBR,2020,0.10334300249814987
Liberia,LBR,2021,0.10334262251853943
Libya,LBY,2016,0.6364989876747131
Libya,LBY,2017,0.6364299058914185
Libya,LBY,2018,0.6364299058914185
Libya,LBY,2019,0.6364290118217468
Libya,LBY,2020,0.6336789727210999
Libya,LBY,2021,0.6336792707443237
Lithuania,LTU,2016,21.51590919494629
Lithuania,LTU,2017,25.591026306152344
Lithuania,LTU,2018,25.591026306152344
Lithuania,LTU,2019,25.592470169067383
Lithuania,LTU,2020,25.592470169067383
Lithuania,LTU,2021,25.593271255493164
Low and middle income,,2016,2.658397912979126
Low and middle income,,2017,6.259242057800293
Low and middle income,,2018,6.259244918823242
Lower middle income,,2016,1.3424904346466064
Lower middle income,,2017,1.4402861595153809
Lower middle income,,2018,1.4402146339416504
Madagascar,MDG,2016,0.357265830039978
Madagascar,MDG,2017,0.7461844682693481
Madagascar,MDG,2018,0.7461844682693481
Madagascar,MDG,2019,0.7461850047111511
Madagascar,MDG,2020,0.9137279987335205
Madagascar,MDG,2021,0.913727879524231
Malaysia,MYS,2016,1.4074420928955078
Malaysia,MYS,2017,1.5446206331253052
Malaysia,MYS,2018,1.5446206331253052
Malaysia,MYS,2019,1.544437050819397
Malaysia,MYS,2020,3.3050169944763184
Malaysia,MYS,2021,5.55612850189209
Maldives,MDV,2016,0.048692673444747925
Maldives,MDV,2017,0.051505036652088165
Maldives,MDV,2018,0.051505036652088165
Maldives,MDV,2019,0.05150499939918518
Maldives,MDV,2020,0.0675949975848198
Maldives,MDV,2021,0.06759510934352875
Malta,MLT,2016,6.264285087585449
Malta,MLT,2017,6.270051002502441
Malta,MLT,2018,6.270051002502441
Malta,MLT,2019,7.444798946380615
Malta,MLT,2020,7.444940090179443
Malta,MLT,2021,7.444803237915039
Marshall Islands,MHL,2016,0.2687835097312927
Marshall Islands,MHL,2017,0.26880329847335815
Marshall Islands,MHL,2018,0.26880329847335815
Marshall Islands,MHL,2019,0.2688030004501343
Marshall Islands,MHL,2020,0.2688030004501343
Marshall Islands,MHL,2021,0.26880326867103577
Mauritania,MRT,2016,4.15370512008667
Mauritania,MRT,2017,4.1534342765808105
Mauritania,MRT,2018,4.1534342765808105
Mauritania,MRT,2019,4.153438091278076
Mauritania,MRT,2020,4.153438091278076
Mauritania,MRT,2021,4.153437614440918
Mauritius,MUS,2016,0.003906042082235217
Mauritius,MUS,2017,0.003878225339576602
Mauritius,MUS,2018,0.003878225339576602
Mauritius,MUS,2019,0.003877999959513545
Mauritius,MUS,2020,0.003877999959513545
Mauritius,MUS,2021,0.00387822394259274
Mexico,MEX,2016,2.2514052391052246
Mexico,MEX,2017,21.782020568847656
Mexico,MEX,2018,21.782020568847656
Mexico,MEX,2019,21.55340003967285
Mexico,MEX,2020,21.553390502929688
Mexico,MEX,2021,21.553394317626953
Micronesia (country),FSM,2016,0.01756356470286846
Micronesia (country),FSM,2017,0.01577237993478775
Micronesia (country),FSM,2018,0.01577237993478775
Micronesia (country),FSM,2019,0.015771999955177307
Micronesia (country),FSM,2020,0.015771999955177307
Micronesia (country),FSM,2021,0.01577237993478775
Middle East and North Africa,,2016,1.3968853950500488
Middle East and North Africa,,2017,1.5826849937438965
Middle East and North Africa,,2018,1.5826849937438965
Middle income,,2016,2.4629011154174805
Middle income,,2017,6.4066057205200195
Middle income,,2018,6.406610012054443
Monaco,MCO,2016,99.92962646484375
Monaco,MCO,2017,99.83199310302734
Monaco,MCO,2018,99.83199310302734
Monaco,MCO,2019,99.75462341308594
Monaco,MCO,2020,99.75462341308594
Monaco,MCO,2021,99.71312713623047
Montenegro,MNE,2017,0.001219431753270328
Montenegro,MNE,2018,0.001219431753270328
Montenegro,MNE,2019,0.13991400599479675
Montenegro,MNE,2020,0.07214599847793579
Montenegro,MNE,2021,0.07214579731225967
Morocco,MAR,2016,0.46064192056655884
Morocco,MAR,2017,0.25998446345329285
Morocco,MAR,2018,0.25998446345329285
Morocco,MAR,2019,0.25998398661613464
Morocco,MAR,2020,0.6896119713783264
Morocco,MAR,2021,0.675621509552002
Mozambique,MOZ,2016,2.2320308685302734
Mozambique,MOZ,2017,2.2320308685302734
Mozambique,MOZ,2018,2.2320308685302734
Mozambique,MOZ,2019,2.232032060623169
Mozambique,MOZ,2020,2.145914077758789
Mozambique,MOZ,2021,2.145914077758789
Myanmar,MMR,2016,0.05231964588165283
Myanmar,MMR,2017,2.32704758644104
Myanmar,MMR,2018,2.32704758644104
Myanmar,MMR,2019,0.47783899307250977
Myanmar,MMR,2020,0.47783899307250977
Myanmar,MMR,2021,0.47783902287483215
Namibia,NAM,2016,1.7141509056091309
Namibia,NAM,2017,1.7141984701156616
Namibia,NAM,2018,1.7141984701156616
Namibia,NAM,2019,1.7142000198364258
Namibia,NAM,2020,1.7142000198364258
Namibia,NAM,2021,1.7141996622085571
Netherlands,NLD,2016,21.490537643432617
Netherlands,NLD,2017,26.674686431884766
Netherlands,NLD,2018,26.674686431884766
Netherlands,NLD,2019,26.862340927124023
Netherlands,NLD,2020,26.86294937133789
Netherlands,NLD,2021,26.858734130859375
New Caledonia,NCL,2016,96.34122467041016
New Caledonia,NCL,2017,96.59333801269531
New Caledonia,NCL,2018,96.59333801269531
New Caledonia,NCL,2019,96.26024627685547
New Caledonia,NCL,2020,96.26024627685547
New Caledonia,NCL,2021,96.26024627685547
New Zealand,NZL,2016,30.343000411987305
New Zealand,NZL,2017,30.371109008789062
New Zealand,NZL,2018,30.371109008789062
New Zealand,NZL,2019,30.422719955444336
New Zealand,NZL,2020,30.421539306640625
New Zealand,NZL,2021,30.421539306640625
Nicaragua,NIC,2016,2.930758476257324
Nicaragua,NIC,2017,2.974231481552124
Nicaragua,NIC,2018,2.974231481552124
Nicaragua,NIC,2019,2.9742279052734375
Nicaragua,NIC,2020,3.3923590183258057
Nicaragua,NIC,2021,3.3923587799072266
Nigeria,NGA,2016,0.01695209927856922
Nigeria,NGA,2017,0.016709309071302414
Nigeria,NGA,2018,0.016709309071302414
Nigeria,NGA,2019,0.01670899987220764
Nigeria,NGA,2020,0.01670899987220764
Nigeria,NGA,2021,0.01670929230749607
North America,,2016,20.923643112182617
North America,,2017,20.910919189453125
North America,,2018,20.910919189453125
North Korea,PRK,2016,0.022420113906264305
North Korea,PRK,2017,0.022085515782237053
North Korea,PRK,2018,0.022085515782237053
North Korea,PRK,2019,0.022084999829530716
North Korea,PRK,2020,0.022084999829530716
North Korea,PRK,2021,0.022085465490818024
Northern Mariana Islands,MNP,2016,33.22808074951172
Northern Mariana Islands,MNP,2017,33.25068664550781
Northern Mariana Islands,MNP,2018,33.25068664550781
Northern Mariana Islands,MNP,2019,33.25069046020508
Northern Mariana Islands,MNP,2020,31.967409133911133
Northern Mariana Islands,MNP,2021,33.156044006347656
Norway,NOR,2016,0.7466120719909668
Norway,NOR,2017,0.8307816386222839
Norway,NOR,2018,0.8307816386222839
Norway,NOR,2019,0.8330680131912231
Norway,NOR,2020,1.53444504737854
Norway,NOR,2021,9.948864936828613
Oman,OMN,2016,0.12319561839103699
Oman,OMN,2017,0.12319376319646835
Oman,OMN,2018,0.12319376319646835
Oman,OMN,2019,0.12319400161504745
Oman,OMN,2020,0.12319400161504745
Oman,OMN,2021,0.329986572265625
Pakistan,PAK,2016,0.7663509249687195
Pakistan,PAK,2017,0.7665290236473083
Pakistan,PAK,2018,0.7665290236473083
Pakistan,PAK,2019,0.7665290236473083
Pakistan,PAK,2020,0.7665290236473083
Pakistan,PAK,2021,0.7665293216705322
Palau,PLW,2016,82.98526763916016
Palau,PLW,2017,82.98762512207031
Palau,PLW,2018,82.98762512207031
Palau,PLW,2019,100
Palau,PLW,2020,100
Palau,PLW,2021,100
Panama,PAN,2016,1.6813795566558838
Panama,PAN,2017,1.6814168691635132
Panama,PAN,2018,1.6814168691635132
Panama,PAN,2019,1.681414008140564
Panama,PAN,2020,11.570799827575684
Panama,PAN,2021,26.844728469848633
Papua New Guinea,PNG,2016,0.19049741327762604
Papua New Guinea,PNG,2017,0.19047534465789795
Papua New Guinea,PNG,2018,0.19047534465789795
Papua New Guinea,PNG,2019,0.1388860046863556
Papua New Guinea,PNG,2020,0.1388860046863556
Papua New Guinea,PNG,2021,0.13888581097126007
Peru,PER,2016,0.4808371365070343
Peru,PER,2017,0.4815310537815094
Peru,PER,2018,0.4815310537815094
Peru,PER,2019,0.4815309941768646
Peru,PER,2020,0.4815309941768646
Peru,PER,2021,0.4815312922000885
Philippines,PHL,2016,1.1590557098388672
Philippines,PHL,2017,1.1590629816055298
Philippines,PHL,2018,1.1590629816055298
Philippines,PHL,2019,1.1590640544891357
Philippines,PHL,2020,1.1590640544891357
Philippines,PHL,2021,1.7444039583206177
Poland,POL,2016,22.5727481842041
Poland,POL,2017,22.571823120117188
Poland,POL,2018,22.571823120117188
Poland,POL,2019,22.572429656982422
Poland,POL,2020,22.57246971130371
Poland,POL,2021,22.57246971130371
Portugal,PRT,2016,8.356609344482422
Portugal,PRT,2017,16.563934326171875
Portugal,PRT,2018,16.563934326171875
Portugal,PRT,2019,16.564599990844727
Portugal,PRT,2020,16.81831932067871
Portugal,PRT,2021,16.819141387939453
Puerto Rico,PRI,2016,1.746109127998352
Puerto Rico,PRI,2017,1.7472050189971924
Puerto Rico,PRI,2018,1.7472050189971924
Puerto Rico,PRI,2019,1.7472039461135864
Puerto Rico,PRI,2020,1.8134280443191528
Puerto Rico,PRI,2021,1.817150354385376
Qatar,QAT,2016,0.1813196986913681
Qatar,QAT,2017,1.6823279857635498
Qatar,QAT,2018,1.6823279857635498
Qatar,QAT,2019,1.682345986366272
Qatar,QAT,2020,2.2920620441436768
Qatar,QAT,2021,2.2920615673065186
Romania,ROU,2016,8.42685317993164
Romania,ROU,2017,23.09630584716797
Romania,ROU,2018,23.09630584716797
Romania,ROU,2019,23.095949172973633
Romania,ROU,2020,23.09857940673828
Romania,ROU,2021,23.098583221435547
Russia,RUS,2016,2.974555730819702
Russia,RUS,2017,2.974560022354126
Russia,RUS,2018,2.974560022354126
Russia,RUS,2019,2.974560022354126
Russia,RUS,2020,2.974560022354126
Russia,RUS,2021,2.243342161178589
Saint Kitts and Nevis,KNA,2016,0.16564518213272095
Saint Kitts and Nevis,KNA,2017,0.1699008196592331
Saint Kitts and Nevis,KNA,2018,0.1699008196592331
Saint Kitts and Nevis,KNA,2019,3.9775331020355225
Saint Kitts and Nevis,KNA,2020,3.9775331020355225
Saint Kitts and Nevis,KNA,2021,3.9775331020355225
Saint Lucia,LCA,2016,0.21850478649139404
Saint Lucia,LCA,2017,0.21855421364307404
Saint Lucia,LCA,2018,0.21855421364307404
Saint Lucia,LCA,2019,0.21854999661445618
Saint Lucia,LCA,2020,0.21854999661445618
Saint Lucia,LCA,2021,0.21854989230632782
Saint Martin (French part),MAF,2016,96.56591796875
Saint Martin (French part),MAF,2017,96.40190124511719
Saint Martin (French part),MAF,2018,96.40190124511719
Saint Martin (French part),MAF,2019,96.42516326904297
Saint Martin (French part),MAF,2020,96.42508697509766
Saint Martin (French part),MAF,2021,96.42507934570312
Saint Vincent and the Grenadines,VCT,2016,0.21911264955997467
Saint Vincent and the Grenadines,VCT,2017,0.22009709477424622
Saint Vincent and the Grenadines,VCT,2018,0.22009709477424622
Saint Vincent and the Grenadines,VCT,2019,0.22009800374507904
Saint Vincent and the Grenadines,VCT,2020,0.22009800374507904
Saint Vincent and the Grenadines,VCT,2021,0.22009749710559845
Samoa,WSM,2016,0.08540832996368408
Samoa,WSM,2017,0.08680405467748642
Samoa,WSM,2018,0.08680405467748642
Samoa,WSM,2019,0.08680400252342224
Samoa,WSM,2020,0.14401300251483917
Samoa,WSM,2021,0.14401337504386902
Sao Tome and Principe,STP,2016,0.02657369337975979
Sao Tome and Principe,STP,2017,0.02678649313747883
Sao Tome and Principe,STP,2018,0.02678649313747883
Sao Tome and Principe,STP,2019,0.026785999536514282
Sao Tome and Principe,STP,2020,0.026785999536514282
Sao Tome and Principe,STP,2021,0.026786457747220993
Saudi Arabia,SAU,2016,1.5267438888549805
Saudi Arabia,SAU,2017,2.494101047515869
Saudi Arabia,SAU,2018,2.494101047515869
Saudi Arabia,SAU,2019,2.4940989017486572
Saudi Arabia,SAU,2020,2.4940989017486572
Saudi Arabia,SAU,2021,2.494098663330078
Senegal,SEN,2016,1.1027202606201172
Senegal,SEN,2017,1.1148264408111572
Senegal,SEN,2018,1.1148264408111572
Senegal,SEN,2019,1.1148240566253662
Senegal,SEN,2020,1.1148240566253662
Senegal,SEN,2021,1.8515626192092896
Seychelles,SYC,2016,0.03609678894281387
Seychelles,SYC,2017,0.0361027866601944
Seychelles,SYC,2018,0.0361027866601944
Seychelles,SYC,2019,15.656579971313477
Seychelles,SYC,2020,32.81502151489258
Seychelles,SYC,2021,32.81501770019531
Sierra Leone,SLE,2016,0.5378535389900208
Sierra Leone,SLE,2017,0.537561297416687
Sierra Leone,SLE,2018,0.537561297416687
Sierra Leone,SLE,2019,0.5375630259513855
Sierra Leone,SLE,2020,0.5375630259513855
Sierra Leone,SLE,2021,1.6274394989013672
Singapore,SGP,2017,0.01317856926470995
Singapore,SGP,2018,0.01317856926470995
Singapore,SGP,2019,0.013183999806642532
Singapore,SGP,2020,0.013183999806642532
Singapore,SGP,2021,0.013184011913836002
Sint Maarten (Dutch part),SXM,2016,5.427135467529297
Sint Maarten (Dutch part),SXM,2017,8.691259384155273
Sint Maarten (Dutch part),SXM,2018,8.691259384155273
Sint Maarten (Dutch part),SXM,2019,8.699402809143066
Sint Maarten (Dutch part),SXM,2020,8.699418067932129
Sint Maarten (Dutch part),SXM,2021,8.699419975280762
Slovenia,SVN,2016,100
Slovenia,SVN,2017,100
Slovenia,SVN,2018,213.42507934570312
Slovenia,SVN,2019,100
Slovenia,SVN,2020,2.313673973083496
Slovenia,SVN,2021,2.3136699199676514
Solomon Islands,SLB,2016,0.11803027242422104
Solomon Islands,SLB,2017,0.11805518716573715
Solomon Islands,SLB,2018,0.11805518716573715
Solomon Islands,SLB,2019,0.11675000190734863
Solomon Islands,SLB,2020,0.11675000190734863
Solomon Islands,SLB,2021,0.11674949526786804
South Africa,ZAF,2016,12.078817367553711
South Africa,ZAF,2017,12.056462287902832
South Africa,ZAF,2018,12.056462287902832
South Africa,ZAF,2019,14.562800407409668
South Africa,ZAF,2020,15.45991039276123
South Africa,ZAF,2021,15.496161460876465
South Asia,,2016,0.45776283740997314
South Asia,,2017,0.45820990204811096
South Asia,,2018,0.45774587988853455
South Korea,KOR,2016,1.6304926872253418
South Korea,KOR,2017,1.6336402893066406
South Korea,KOR,2018,1.6336402893066406
South Korea,KOR,2019,2.4304440021514893
South Korea,KOR,2020,2.455245018005371
South Korea,KOR,2021,2.455245018005371
Spain,ESP,2016,8.729888916015625
Spain,ESP,2017,8.374113082885742
Spain,ESP,2018,8.374113082885742
Spain,ESP,2019,12.688429832458496
Spain,ESP,2020,12.758700370788574
Spain,ESP,2021,12.757444381713867
Sri Lanka,LKA,2016,0.07470721006393433
Sri Lanka,LKA,2017,0.0746256560087204
Sri Lanka,LKA,2018,0.0746256560087204
Sri Lanka,LKA,2019,0.07462599873542786
Sri Lanka,LKA,2020,0.07462599873542786
Sri Lanka,LKA,2021,0.0746256485581398
Sudan,SDN,2016,15.964519500732422
Sudan,SDN,2017,15.96435546875
Sudan,SDN,2018,15.96435546875
Sudan,SDN,2019,15.96444034576416
Sudan,SDN,2020,15.96444034576416
Sudan,SDN,2021,15.964439392089844
Suriname,SUR,2016,1.5432796478271484
Suriname,SUR,2017,1.5432237386703491
Suriname,SUR,2018,1.5432237386703491
Suriname,SUR,2019,1.5432239770889282
Suriname,SUR,2020,1.5432239770889282
Suriname,SUR,2021,1.5432238578796387
Sweden,SWE,2016,8.20425796508789
Sweden,SWE,2017,15.21318531036377
Sweden,SWE,2018,15.21318531036377
Sweden,SWE,2019,15.368610382080078
Sweden,SWE,2020,15.376230239868164
Sweden,SWE,2021,15.763427734375
Syria,SYR,2016,0.245011568069458
Syria,SYR,2017,0.24697954952716827
Syria,SYR,2018,0.24697954952716827
Syria,SYR,2019,0.24698899686336517
Syria,SYR,2020,0.24698899686336517
Syria,SYR,2021,0.24698883295059204
Tanzania,TZA,2016,2.495788335800171
Tanzania,TZA,2017,3.015031099319458
Tanzania,TZA,2018,3.015031099319458
Tanzania,TZA,2019,3.015036106109619
Tanzania,TZA,2020,3.015036106109619
Tanzania,TZA,2021,3.015036106109619
Thailand,THA,2016,1.8814527988433838
Thailand,THA,2017,1.8813844919204712
Thailand,THA,2018,1.8813844919204712
Thailand,THA,2019,1.8813869953155518
Thailand,THA,2020,4.370124816894531
Thailand,THA,2021,4.443102836608887
Timor,TLS,2016,1.3740756511688232
Timor,TLS,2017,1.3743454217910767
Timor,TLS,2018,1.3743454217910767
Timor,TLS,2019,1.371649980545044
Timor,TLS,2020,1.371649980545044
Timor,TLS,2021,1.371649980545044
Togo,TGO,2016,0.19973067939281464
Togo,TGO,2017,0.19964830577373505
Togo,TGO,2018,0.19964830577373505
Togo,TGO,2019,0.19964900612831116
Togo,TGO,2020,0.19964900612831116
Togo,TGO,2021,0.19964909553527832
Tonga,TON,2016,1.5051164627075195
Tonga,TON,2017,1.5051394701004028
Tonga,TON,2018,1.5051394701004028
Tonga,TON,2019,0.0583840012550354
Tonga,TON,2020,0.0583840012550354
Tonga,TON,2021,0.0583840049803257
Trinidad and Tobago,TTO,2016,0.048813629895448685
Trinidad and Tobago,TTO,2017,0.048908911645412445
Trinidad and Tobago,TTO,2018,0.048908911645412445
Trinidad and Tobago,TTO,2019,0.04890900105237961
Trinidad and Tobago,TTO,2020,0.04890900105237961
Trinidad and Tobago,TTO,2021,0.04890861362218857
Tunisia,TUN,2016,1.0399999618530273
Tunisia,TUN,2017,1.0355161428451538
Tunisia,TUN,2018,1.0355161428451538
Tunisia,TUN,2019,1.0355210304260254
Tunisia,TUN,2020,1.0355210304260254
Tunisia,TUN,2021,1.0355212688446045
Turkey,TUR,2016,0.10549924522638321
Turkey,TUR,2017,0.10557064414024353
Turkey,TUR,2018,0.10557064414024353
Turkey,TUR,2019,0.10557100176811218
Turkey,TUR,2020,0.10557100176811218
Turkey,TUR,2021,1.761303424835205
Turkmenistan,TKM,2016,2.994150400161743
Turkmenistan,TKM,2017,2.9938628673553467
Turkmenistan,TKM,2018,2.9938628673553467
Turkmenistan,TKM,2019,2.993856906890869
Turkmenistan,TKM,2020,2.993856906890869
Turkmenistan,TKM,2021,2.99385666847229
Turks and Caicos Islands,TCA,2016,0.09724964946508408
Turks and Caicos Islands,TCA,2017,0.09713325649499893
Turks and Caicos Islands,TCA,2018,0.09713325649499893
Turks and Caicos Islands,TCA,2019,0.09713300317525864
Turks and Caicos Islands,TCA,2020,0.09713300317525864
Turks and Caicos Islands,TCA,2021,0.09713315218687057
Tuvalu,TUV,2016,0.008471103385090828
Tuvalu,TUV,2017,0.008483091369271278
Tuvalu,TUV,2018,0.008483091369271278
Tuvalu,TUV,2019,0.02921999990940094
Tuvalu,TUV,2020,0.02921999990940094
Tuvalu,TUV,2021,0.029219835996627808
Ukraine,UKR,2016,3.4150595664978027
Ukraine,UKR,2017,3.4151556491851807
Ukraine,UKR,2018,3.4151556491851807
Ukraine,UKR,2019,3.4151508808135986
Ukraine,UKR,2020,3.4151508808135986
Ukraine,UKR,2021,9.239787101745605
United Arab Emirates,ARE,2016,4.269708156585693
United Arab Emirates,ARE,2017,11.270354270935059
United Arab Emirates,ARE,2018,11.270354270935059
United Arab Emirates,ARE,2019,11.270339965820312
United Arab Emirates,ARE,2020,11.480449676513672
United Arab Emirates,ARE,2021,11.480447769165039
United Kingdom,GBR,2016,20.235422134399414
United Kingdom,GBR,2017,28.873306274414062
United Kingdom,GBR,2018,28.873306274414062
United Kingdom,GBR,2019,29.16274070739746
United Kingdom,GBR,2020,44.20283126831055
United Kingdom,GBR,2021,44.20282745361328
United States,USA,2016,41.082916259765625
United States,USA,2017,41.05740737915039
United States,USA,2018,41.05740737915039
United States,USA,2019,41.05741882324219
United States,USA,2020,37.373199462890625
United States,USA,2021,19.048179626464844
United States Virgin Islands,VIR,2016,0.8492851853370667
United States Virgin Islands,VIR,2017,0.8500658869743347
United States Virgin Islands,VIR,2018,0.8500658869743347
United States Virgin Islands,VIR,2019,0.850059986114502
United States Virgin Islands,VIR,2020,0.49033498764038086
United States Virgin Islands,VIR,2021,0.8521637320518494
Upper middle income,,2016,2.910460948944092
Upper middle income,,2017,8.385848999023438
Upper middle income,,2018,8.385848999023438
Uruguay,URY,2016,0.7163830399513245
Uruguay,URY,2017,0.716039776802063
Uruguay,URY,2018,0.716039776802063
Uruguay,URY,2019,0.7160400152206421
Uruguay,URY,2020,0.7524229884147644
Uruguay,URY,2021,0.7524230480194092
Vanuatu,VUT,2016,0.007716134190559387
Vanuatu,VUT,2017,0.007637346163392067
Vanuatu,VUT,2018,0.007637346163392067
Vanuatu,VUT,2019,0.007637000177055597
Vanuatu,VUT,2020,0.007637000177055597
Vanuatu,VUT,2021,0.007637342903763056
Venezuela,VEN,2016,3.485976219177246
Venezuela,VEN,2017,3.4859650135040283
Venezuela,VEN,2018,3.4859650135040283
Venezuela,VEN,2019,3.485964059829712
Venezuela,VEN,2020,4.3499979972839355
Venezuela,VEN,2021,4.3499979972839355
Vietnam,VNM,2016,0.5608497262001038
Vietnam,VNM,2017,0.5608908534049988
Vietnam,VNM,2018,0.5608908534049988
Vietnam,VNM,2019,0.5608909726142883
Vietnam,VNM,2020,0.5608909726142883
Vietnam,VNM,2021,0.5608906149864197
World,OWID_WRL,2016,8.748424530029297
World,OWID_WRL,2017,11.460746765136719
World,OWID_WRL,2018,11.480173110961914
Yemen,YEM,2016,0.4675063192844391
Yemen,YEM,2017,0.46757349371910095
Yemen,YEM,2018,0.46757349371910095
Yemen,YEM,2019,0.46757298707962036
Yemen,YEM,2020,0.46757298707962036
Yemen,YEM,2021,0.46757352352142334