,Entity,Code,Year,kg_per_yr_per_capita,Production_in_tons,Population (historical estimates),Life_Expectancy_years,continent,fish_and_seafood_kg_protein_per_capita,percent_fish_total_protein_per_capita,percent_fish_protein_all_animal,Marine protected areas (% of territorial waters)
0,Albania,ALB,2016,8.905231,12610.0,2881064,78.19,Europe,0.892125883,2.177793739,4.100151452,2.714431047439575
1,Albania,ALB,2017,8.643904,12690.0,2879361,78.33,Europe,0.932249566,2.271310375,4.232365378,2.7180330753326416
2,Albania,ALB,2018,8.657962,12690.0,2877019,78.46,Europe,0.932684938,2.306022826,4.35525193,2.7180330753326416
3,Albania,ALB,2019,8.661156,12690.0,2873883,78.57,Europe,0.93302906,2.258636022,4.254254341,2.8392789363861084
4,Albania,ALB,2020,8.683039,12690.0,2866850,78.69,Europe,0.93796897,2.323048978,4.529370151,2.8392789363861084
5,Algeria,DZA,2016,3.930517,96380.0,40339328,76.3,Africa,0.436629206,1.330947453,4.536790298,0.0852759480476379
6,Algeria,DZA,2017,3.8836884,95840.0,41136548,76.5,Africa,0.433343184,1.341976605,4.682539734,0.0854831039905548
7,Algeria,DZA,2018,4.260367,120360.0,41927008,76.69,Africa,0.485258813,1.470260591,5.548549653,0.0854831039905548
8,Algeria,DZA,2019,3.881344,104880.0,42705372,76.88,Africa,0.441565904,1.314060472,4.911993365,0.0854829996824264
9,Algeria,DZA,2020,3.8147426,104880.0,43451668,77.06,Africa,0.434658608,1.327184658,4.935173382,0.0680230036377906
10,Angola,AGO,2016,19.31061,487140.0,29154742,59.92,Africa,2.040128336,11.25273894,38.72515471,0.0048607261851429
11,Angola,AGO,2017,19.95786,508410.0,30208634,60.38,Africa,2.1219786,11.18071296,37.73222209,0.0049298270605504
12,Angola,AGO,2018,15.585515,444820.0,31273538,60.78,Africa,1.56421626,8.477878999,30.65539108,0.0049298270605504
13,Angola,AGO,2019,14.361596,411190.0,32353592,61.15,Africa,1.421798005,8.246563672,31.62939288,0.004929999820888
14,Angola,AGO,2020,13.902185,411190.0,33428490,61.49,Africa,1.378026986,8.184142804,34.04255235,0.004929999820888
15,Antigua and Barbuda,ATG,2016,56.061275,3170.0,90575,76.62,North America,5.126119495,17.89150229,28.25490726,0.191718503832817
16,Antigua and Barbuda,ATG,2017,58.08434,3180.0,91133,76.75,North America,5.57414714,18.58665374,29.23568175,0.1815044730901718
17,Antigua and Barbuda,ATG,2018,60.756844,3170.0,91644,76.88,North America,5.86523537,19.18699304,30.34019058,0.1815044730901718
18,Antigua and Barbuda,ATG,2019,57.464275,3170.0,92127,77.02,North America,5.513924695,18.1783591,28.41562663,0.1815039962530136
19,Antigua and Barbuda,ATG,2020,57.116673,3170.0,92672,77.15,North America,5.480928695,17.53022401,26.61547054,0.2995089888572693
20,Argentina,ARG,2016,6.047727,758900.0,43668236,76.22,South America,0.643679362,1.74832074,2.785646793,4.019939422607422
21,Argentina,ARG,2017,7.2705374,838630.0,44054616,76.37,South America,0.764453628,2.042602837,3.241240913,3.796992540359497
22,Argentina,ARG,2018,7.371261,838190.0,44413592,76.52,South America,0.758300932,2.00907933,3.205918351,3.796992540359497
23,Argentina,ARG,2019,6.855383,828690.0,44745516,76.67,South America,0.683086404,1.731000734,2.96542977,11.767669677734377
24,Argentina,ARG,2020,6.804048,828690.0,45036032,76.81,South America,0.677645057,1.69429438,2.927215381,11.76653003692627
25,Australia,AUS,2016,26.854483,280430.0,24195706,82.45,Oceania,2.41569994,6.363898931,9.518315301,40.6534423828125
26,Australia,AUS,2017,26.774189,272550.0,24590336,82.5,Oceania,2.371985168,6.347656188,9.631055946,40.55941009521485
27,Australia,AUS,2018,26.483599,274550.0,24979228,82.75,Oceania,2.433909535,6.471270887,9.818022,40.55941009521485
28,Australia,AUS,2019,24.231964,261000.0,25357168,82.9,Oceania,2.21660861,5.738706237,8.978692657,40.55941009521485
29,Australia,AUS,2020,23.940237,261000.0,25670052,83.2,Oceania,2.186359673,5.46988427,8.524173713,40.84466171264648
30,Azerbaijan,AZE,2016,2.137268,1360.0,9976254,72.49,Asia,0.213726809,0.671742106,1.951854372,0.4365314841270447
31,Azerbaijan,AZE,2017,3.128115,1650.0,10071569,72.69,Asia,0.32112054,0.98382158,2.829298883,0.4369295239448547
32,Azerbaijan,AZE,2018,1.9992133,2080.0,10152524,72.86,Asia,0.203890351,0.628653305,1.802086597,0.4369295239448547
33,Azerbaijan,AZE,2019,2.0227485,1680.0,10232761,73.0,Asia,0.204287784,0.603877526,1.763068371,0.4369289875030517
34,Azerbaijan,AZE,2020,2.0110862,1680.0,10284952,73.12,Asia,0.205101238,0.594741242,1.713255208,0.4369289875030517
35,Bahamas,BHS,2016,25.401354,11620.0,395986,,North America,2.438949893,8.588956886,13.55275912,0.5656635761260986
36,Bahamas,BHS,2017,23.856632,11420.0,399027,,North America,2.26077945,8.11183486,12.78403397,7.922886371612549
37,Bahamas,BHS,2018,24.250393,10920.0,401911,,North America,2.29610404,8.136645557,12.49523031,7.922886371612549
38,Bahamas,BHS,2019,23.528824,11420.0,404563,,North America,2.227825315,8.167998097,12.65216512,7.922883987426758
39,Bahamas,BHS,2020,23.421537,11420.0,406478,,North America,2.217548631,8.177083576,12.77201576,7.922883987426758
40,Bahrain,BHR,2019,18.540384,15000.0,1494195,77.29,Asia,1.69181004,4.702473749,8.986371078,1.242277979850769
41,Bahrain,BHR,2020,18.74933,15000.0,1477478,77.42,Asia,1.710876399,4.413359537,8.166132115,1.242277979850769
42,Bangladesh,BGD,2016,24.222841,3878320.0,159784576,71.78,Asia,2.558574737,12.2940872,60.13570848,5.356940269470215
43,Bangladesh,BGD,2017,25.670963,4134440.0,161793968,72.05,Asia,2.701817016,12.6646403,60.82725131,5.357190132141113
44,Bangladesh,BGD,2018,26.195524,4276640.0,163683952,72.32,Asia,2.774487458,12.62692353,61.33651394,5.357190132141113
45,Bangladesh,BGD,2019,26.577366,4384220.0,165516224,72.59,Asia,2.804513124,12.92460674,62.35012,5.356943130493164
46,Bangladesh,BGD,2020,26.27421,4384220.0,167420944,72.87,Asia,2.771825951,12.62262895,60.45418944,5.356943130493164
47,Barbados,BRB,2016,42.82918,1760.0,278660,78.89,North America,4.476639955,13.87437579,24.99477112,0.0059453099966049
48,Barbados,BRB,2017,44.11914,1480.0,279199,78.98,North America,4.733460525,14.69871203,26.03866797,0.0058465120382606
49,Barbados,BRB,2018,49.088245,1760.0,279702,79.08,North America,5.209623465,15.76561317,27.52275408,0.0058465120382606
50,Barbados,BRB,2019,43.965755,1480.0,280193,79.19,North America,4.71853385,14.39160641,25.81305059,0.0055780000984668
51,Barbados,BRB,2020,43.879345,1480.0,280704,79.31,North America,4.708378455,14.53622523,25.89395994,0.0055780000984668
52,Belgium,BEL,2016,23.858091,27010.0,11316837,81.44,Europe,2.318037146,6.475703123,11.07417756,36.651180267333984
53,Belgium,BEL,2017,23.111864,24720.0,11384491,81.49,Europe,2.23344449,6.416999527,11.05072407,36.65524291992188
54,Belgium,BEL,2018,22.976841,24720.0,11448598,81.6,Europe,2.22201415,6.513575165,11.67756933,36.65524291992188
55,Belgium,BEL,2019,22.856968,24720.0,11510569,82.0,Europe,2.206449565,6.25000042,10.71048029,36.653419494628906
56,Belgium,BEL,2020,22.754787,24720.0,11561716,80.8,Europe,2.198944325,6.148337246,10.26297793,36.653419494628906
57,Belize,BLZ,2016,13.504697,92590.0,367327,74.22,North America,1.188423393,4.712877121,12.57739975,10.080055236816406
58,Belize,BLZ,2017,14.068567,121690.0,374702,74.36,North America,1.183033985,4.875471811,13.08752025,10.078875541687012
59,Belize,BLZ,2018,14.35463,216670.0,382076,74.5,North America,1.229365881,4.700615727,10.84570732,10.078875541687012
60,Belize,BLZ,2019,13.543265,121690.0,389103,74.62,North America,1.138787955,4.453035468,9.361830027,10.078920364379885
61,Belize,BLZ,2020,13.35062,121690.0,394931,74.75,North America,1.124533026,4.25591075,9.820282631,11.019180297851562
62,Benin,BEN,2017,16.959871,52730.0,11596786,61.17,Africa,1.67069187,7.446308264,37.75834612,0.0
63,Benin,BEN,2018,16.466656,52730.0,11940688,61.47,Africa,1.621946266,7.361376061,38.40398821,0.0
64,Bosnia and Herzegovina,BIH,2017,5.602866,4060.0,3440025,77.13,Europe,0.576169509,1.689435732,4.623287309,0.0
65,Bosnia and Herzegovina,BIH,2018,6.129609,3940.0,3400132,77.26,Europe,0.638720873,1.818366389,4.943385533,0.0
66,Brazil,BRA,2016,9.019525,1294190.0,206859584,75.23,South America,0.880325615,2.63215162,4.743238323,1.6849442720413208
67,Brazil,BRA,2017,9.060749,1299120.0,208504960,75.46,South America,0.898648834,2.659059095,4.759152164,26.624107360839844
68,Brazil,BRA,2018,8.431919,1295180.0,210166592,75.67,South America,0.843989245,2.451912702,4.358444245,26.624107360839844
69,Brazil,BRA,2019,8.101848,1309880.0,211782880,75.88,South America,0.81113147,2.472283787,4.165110016,26.624099731445312
70,Brazil,BRA,2020,8.055862,1309880.0,213196304,76.08,South America,0.80424027,2.435530028,4.133158635,26.821489334106445
71,Bulgaria,BGR,2016,7.185577,24370.0,7245982,74.81,Europe,0.82500888,2.774748729,6.02948949,8.103059768676758
72,Bulgaria,BGR,2017,7.119373,24310.0,7182430,74.81,Europe,0.812053533,2.713786019,5.806451841,8.103309631347656
73,Bulgaria,BGR,2018,7.1833572,24310.0,7117424,74.96,Europe,0.817317454,2.795299965,5.69700032,8.103309631347656
74,Bulgaria,BGR,2019,7.2556705,24310.0,7052536,75.11,Europe,0.826014929,2.91299349,5.660377473,8.108619689941406
75,Bulgaria,BGR,2020,7.327582,24310.0,6979181,73.61,Europe,0.835802185,3.021147705,6.003653817,8.108338356018066
76,Cambodia,KHM,2016,42.612213,800220.0,15624586,68.98,Asia,4.898436875,20.62335262,72.40065294,0.1855446100234985
77,Cambodia,KHM,2017,43.180943,854820.0,15830694,69.29,Asia,4.95347121,20.67478038,71.42096881,0.1857673823833465
78,Cambodia,KHM,2018,46.269974,941010.0,16025242,69.57,Asia,5.137254915,20.89732038,71.76835729,0.1857673823833465
79,Cambodia,KHM,2019,47.187965,967100.0,16207746,69.82,Asia,5.19047228,22.13426111,75.52674161,0.1857679933309555
80,Cambodia,KHM,2020,46.64873,967100.0,16396864,70.05,Asia,5.13222704,21.62797881,71.93531506,1.441558003425598
81,Cameroon,CMR,2016,21.231108,235510.0,23711626,58.06,Africa,2.088347865,7.721639834,45.43269277,3.407166719436645
82,Cameroon,CMR,2017,18.187948,235500.0,24393182,58.51,Africa,1.74603309,6.667602381,42.98642535,3.4096405506134038
83,Cameroon,CMR,2018,19.125616,284290.0,25076752,58.92,Africa,1.857155624,7.05128217,44.89795894,3.4096405506134038
84,Cameroon,CMR,2019,19.701597,299450.0,25782342,59.29,Africa,1.90125945,7.188365577,46.09236245,11.462650299072266
85,Cameroon,CMR,2020,19.179571,299450.0,26491090,59.63,Africa,1.850718375,7.059151541,45.62669021,10.891900062561035
86,Canada,CAN,2016,22.808931,1067490.0,36113532,81.9,North America,2.12176471,5.695390423,10.730891,0.8718722462654114
87,Canada,CAN,2017,22.348087,1026449.94,36554344,81.9,North America,2.09061123,5.501399442,10.49144054,0.8718818426132202
88,Canada,CAN,2018,23.114777,1019100.0,37035260,82.05,North America,2.203311696,5.658252947,10.16177981,0.8718818426132202
89,Canada,CAN,2019,20.857817,945230.0,37522584,82.05,North America,1.961502189,5.0988553,9.176030289,2.907387971878052
90,Canada,CAN,2020,20.649815,945230.0,37888704,81.75,North America,1.945196544,5.087001659,9.214605128,8.784921646118164
91,Chile,CHL,2016,12.787869,2532480.0,18083880,79.78,South America,1.330441863,4.045144551,7.614640117,12.595203399658203
92,Chile,CHL,2017,13.473985,3121910.0,18368582,79.91,South America,1.468061025,4.417448607,8.380473228,28.814451217651367
93,Chile,CHL,2018,14.12077,3389440.0,18701452,80.04,South America,1.41097539,4.153217143,7.853509454,28.814451217651367
94,Chile,CHL,2019,14.831567,3356460.0,19039484,80.18,South America,1.376996555,4.089339663,7.820883129,41.19150924682617
95,Chile,CHL,2020,14.6291,3356460.0,19300318,80.33,South America,1.355692563,4.077859909,7.841907523,41.32516098022461
96,China,CHN,2016,38.944885,61603540.0,1401889664,76.21,Asia,3.33558243,9.044623932,24.15355821,3.766775131225586
97,China,CHN,2017,39.135952,62197148.0,1410275968,76.47,Asia,3.357842685,9.005720656,24.37266442,5.406831741333008
98,China,CHN,2018,39.391884,62206892.0,1417069440,76.7,Asia,3.361004315,8.965179017,24.19269506,5.406831741333008
99,China,CHN,2019,40.42608,62241700.0,1421864064,76.91,Asia,3.478165665,9.156089522,24.55821265,5.406830787658691
100,China,CHN,2020,40.333355,62241700.0,1424929792,77.1,Asia,3.469345075,9.066384159,24.29641029,5.47900915145874
101,Colombia,COL,2016,7.3436947,168910.0,47625960,76.73,South America,0.790104733,3.163340948,6.131805644,2.063793182373047
102,Colombia,COL,2017,7.141524,187450.0,48351668,76.92,South America,0.771658837,3.028546552,5.942564341,17.069887161254883
103,Colombia,COL,2018,7.870866,202140.0,49276968,77.11,South America,0.86443472,3.307064483,6.45959287,17.069887161254883
104,Colombia,COL,2019,9.017234,272430.0,50187404,77.29,South America,0.981163435,3.691968914,7.251082982,17.060840606689453
105,Colombia,COL,2020,8.881663,272430.0,50930656,77.46,South America,0.966342902,3.729767875,7.286224986,17.165700912475586
106,Comoros,COM,2016,15.8189,16410.0,746239,63.7,Africa,1.892188105,8.737864854,32.53012305,0.0229600183665752
107,Comoros,COM,2017,16.329758,17020.0,761672,63.91,Africa,1.89967024,8.781102863,33.24232069,0.0226364023983478
108,Comoros,COM,2018,16.022217,17020.0,776322,64.12,Africa,1.862006803,8.965907266,35.89743731,0.0226364023983478
109,Comoros,COM,2019,15.727082,17020.0,790993,64.32,Africa,1.829698536,10.1018863,53.68663487,0.0226360000669956
110,Comoros,COM,2020,15.435959,17020.0,806168,64.52,Africa,1.79536054,8.125445845,25.40389971,0.3744769990444183
111,Congo,COG,2016,26.571966,86930.0,5186830,,Africa,2.926805425,17.3308428,37.90285946,3.205932140350342
112,Congo,COG,2017,28.227964,95160.0,5312347,,Africa,3.10079472,17.20241592,36.04081575,3.211703062057495
113,Congo,COG,2018,27.97861,99370.0,5441061,,Africa,3.158989955,17.30250378,36.37099805,3.211703062057495
114,Congo,COG,2019,24.233242,71080.0,5570736,,Africa,2.781510605,15.86886586,35.03552419,3.211738109588623
115,Congo,COG,2020,23.670317,71080.0,5702183,,Africa,2.716231815,15.37692472,32.96185229,3.0105459690093994
116,Costa Rica,CRI,2016,16.41518,35570.0,4945205,79.74,North America,1.82602784,6.440505066,11.63862676,0.8335210680961609
117,Costa Rica,CRI,2017,18.307821,35570.0,4993849,79.91,North America,2.0947934,7.289436636,12.98206226,0.8334474563598633
118,Costa Rica,CRI,2018,18.138557,35570.0,5040738,80.1,North America,2.074132466,7.097733027,12.69946761,0.8334474563598633
119,Costa Rica,CRI,2019,17.978333,35570.0,5084527,80.28,North America,2.058126705,6.761099273,11.63457505,2.6143760681152344
120,Costa Rica,CRI,2020,17.848438,35570.0,5123107,80.46,North America,2.043322925,6.742514578,11.81284079,2.728769063949585
121,Croatia,HRV,2016,16.980503,89070.0,4223748,78.02,Europe,1.85863767,5.809459559,10.43922451,8.540921211242676
122,Croatia,HRV,2017,18.707657,86050.0,4192468,77.83,Europe,2.090368505,6.468334309,10.97724193,8.541085243225098
123,Croatia,HRV,2018,18.849646,86050.0,4160488,78.07,Europe,2.107424225,6.430796666,10.7494885,8.541085243225098
124,Croatia,HRV,2019,18.992533,86050.0,4129749,78.42,Europe,2.120932875,6.335877899,10.56363643,8.54102897644043
125,Croatia,HRV,2020,19.139153,86050.0,4096872,77.72,Europe,2.139626861,6.356622578,10.90807339,8.991410255432129
126,Cuba,CUB,2016,6.246136,52730.0,11342012,78.61,North America,0.623764159,1.981001028,5.454545838,4.324744701385498
127,Cuba,CUB,2017,5.691303,53010.0,11336405,78.66,North America,0.562228663,1.792990989,4.697986631,4.324950695037842
128,Cuba,CUB,2018,6.0852365,50810.0,11328243,78.73,North America,0.613728119,1.987459986,5.016422607,4.324950695037842
129,Cuba,CUB,2019,6.0689864,45600.0,11316699,78.8,North America,0.63604181,2.121692587,5.263158044,3.851970911026001
130,Cuba,CUB,2020,6.073902,45600.0,11300695,78.89,North America,0.636556971,2.106537409,4.913865912,3.8522489070892334
131,Cyprus,CYP,2016,23.01148,8120.0,1197889,80.51,Asia,2.09979755,6.45833294,13.01945103,0.1231182515621185
132,Cyprus,CYP,2017,24.361061,9020.0,1208527,80.67,Asia,2.441232165,7.465126414,14.72801556,0.122715525329113
133,Cyprus,CYP,2018,23.002821,8840.0,1218834,80.83,Asia,2.321548555,7.194085953,14.71119221,0.122715525329113
134,Cyprus,CYP,2019,25.028126,9580.0,1228840,80.98,Asia,2.527684605,7.27981106,13.22160133,0.1230780035257339
135,Cyprus,CYP,2020,24.858616,9580.0,1237540,81.14,Asia,2.510496025,7.333056362,13.43113065,8.620538711547852
136,Denmark,DNK,2016,24.838022,706570.0,5706856,80.85,Europe,3.466365215,8.523441559,13.02497928,17.8481502532959
137,Denmark,DNK,2017,26.695381,942060.0,5737286,81.1,Europe,3.646637255,8.938148284,13.77220809,17.8489933013916
138,Denmark,DNK,2018,26.562166,942060.0,5766689,80.95,Europe,3.629780825,8.798094433,13.20529902,17.8489933013916
139,Denmark,DNK,2019,26.430107,942060.0,5795879,81.45,Europe,3.609442295,8.810220993,13.14535366,17.91983985900879
140,Denmark,DNK,2020,26.298183,942060.0,5825638,81.55,Europe,3.59275924,9.03284681,13.7614683,18.32221031188965
141,Djibouti,DJI,2016,5.229358,2220.0,1023269,65.06,Africa,0.553394969,2.441520388,11.54111886,0.5404559969902039
142,Djibouti,DJI,2017,3.3486054,2020.0,1040242,65.89,Africa,0.357729072,1.57618215,7.719799886,0.1678674668073654
143,Djibouti,DJI,2018,4.181776,2100.0,1057204,66.58,Africa,0.443667355,1.984597151,9.578270508,0.1678674668073654
144,Djibouti,DJI,2019,3.236138,2020.0,1073999,67.11,Africa,0.347408935,1.562499931,9.210525747,0.1678649932146072
145,Djibouti,DJI,2020,3.1901314,2020.0,1090162,67.49,Africa,0.340718704,1.513592898,8.910034374,0.1678649932146072
146,Dominica,DMA,2016,29.211105,820.0,70098,,North America,3.194179605,10.51222814,18.06775435,0.0139134312048554
147,Dominica,DMA,2017,28.471785,790.0,70422,,North America,3.16844382,10.69565256,18.74999961,0.1052779704332351
148,Dominica,DMA,2018,28.306042,790.0,70840,,North America,3.149593395,11.01024514,20.08041619,0.1052779704332351
149,Dominica,DMA,2019,28.062244,790.0,71446,,North America,3.12197494,10.51136364,,0.0348270013928413
150,Dominica,DMA,2020,27.851875,790.0,72011,,North America,3.09794626,10.82631983,19.8782487,0.0347889997065067
151,Dominican Republic,DOM,2016,8.691677,16930.0,10527589,73.47,North America,0.901267636,3.968254101,7.994883081,9.084691047668455
152,Dominican Republic,DOM,2017,8.363205,18270.0,10647247,73.69,North America,0.857746934,3.761062007,7.742355439,17.957904815673828
153,Dominican Republic,DOM,2018,9.891062,16360.001,10765532,73.89,North America,1.019657868,4.258200211,8.874254867,17.957904815673828
154,Dominican Republic,DOM,2019,8.467307,17040.0,10881886,74.08,North America,0.871698475,3.591037229,7.485307999,17.957759857177734
155,Dominican Republic,DOM,2020,8.372867,17040.0,10999668,74.26,North America,0.8603146,3.564504358,7.599364221,17.957759857177734
156,Ecuador,ECU,2016,8.656989,1166580.0,16439588,76.36,South America,0.831141172,3.724975448,7.798008091,13.050639152526855
157,Ecuador,ECU,2017,8.685564,1112710.0,16696947,76.58,South America,0.880619732,3.957783897,8.301626164,13.346171379089355
158,Ecuador,ECU,2018,8.524092,1112710.0,17015672,76.8,South America,0.864859032,3.942532505,8.480057485,13.346171379089355
159,Ecuador,ECU,2019,8.364405,1112710.0,17343742,77.01,South America,0.84826073,3.82711992,8.111888126,13.345919609069824
160,Ecuador,ECU,2020,8.24545,1112710.0,17588596,77.22,South America,0.838437777,3.809048372,8.19906828,13.345919609069824
161,Egypt,EGY,2016,22.129501,1707280.0,99784032,,Africa,2.304336104,7.011457804,29.87012988,4.951564311981201
162,Egypt,EGY,2017,22.445707,1822800.0,101789384,,Africa,2.327427428,7.00676663,29.05872167,4.951488971710205
163,Egypt,EGY,2018,24.39235,1967520.0,103740768,,Africa,2.517554103,7.640567577,30.15346282,4.951488971710205
164,Egypt,EGY,2019,26.242659,2038990.0,105618672,,Africa,2.320921266,7.121567807,29.35498177,4.951488018035889
165,Egypt,EGY,2020,25.796637,2038990.0,107465128,,Africa,2.280083716,7.185103682,32.28346464,4.951488018035889
166,El Salvador,SLV,2016,6.8334103,62040.0,6250513,72.64,North America,0.827686629,2.95246906,8.256201034,0.7056601643562317
167,El Salvador,SLV,2017,6.7685676,59280.0,6266661,72.87,North America,0.818548197,2.929037378,8.384146546,0.705446720123291
168,El Salvador,SLV,2018,6.7521195,59280.0,6276340,73.1,North America,0.817773777,2.920778886,8.508158526,0.705446720123291
169,El Salvador,SLV,2019,6.7513256,59280.0,6280222,73.32,North America,0.813909814,2.738861668,7.995578524,0.7054460048675537
170,El Salvador,SLV,2020,6.7410684,59280.0,6292734,73.53,North America,0.81263892,2.608380763,7.507821361,0.7070329785346985
171,Estonia,EST,2016,14.211568,76570.0,1315928,77.64,Europe,1.234705064,3.353840064,5.363376741,18.62632942199707
172,Estonia,EST,2017,14.74621,83660.0,1317550,78.09,Europe,1.362948289,3.743852143,6.138907137,18.620441436767575
173,Estonia,EST,2018,14.699488,83660.0,1322146,78.24,Europe,1.358677022,3.640990593,5.917912799,18.620441436767575
174,Estonia,EST,2019,14.644655,83660.0,1327039,78.65,Europe,1.352732705,3.675815146,5.507720039,18.634920120239254
175,Estonia,EST,2020,14.617944,83660.0,1329449,78.35,Europe,1.351186967,3.765350594,5.588190892,18.778839111328125
176,Fiji,FJI,2016,33.29922,44600.0,918371,67.18,Oceania,3.268157075,13.46181459,34.4789778,0.9244144558906556
177,Fiji,FJI,2017,28.933626,47360.0,919022,67.25,Oceania,2.807382535,11.65076611,30.2325585,0.9248794317245485
178,Fiji,FJI,2018,28.930439,47360.0,919002,67.34,Oceania,2.805608745,10.50834074,22.08114852,0.9248794317245485
179,Fiji,FJI,2019,28.952114,47360.0,918472,67.44,Oceania,2.808103155,10.4915432,24.51373853,0.924880027770996
180,Fiji,FJI,2020,28.887266,47360.0,920430,67.56,Oceania,2.80126623,10.65584804,27.64912331,0.924880027770996
181,Finland,FIN,2016,31.826109,207630.0,5495217,81.43,Europe,3.1296341,7.411571173,11.83865174,11.130293846130373
182,Finland,FIN,2017,33.647427,204980.0,5508146,81.63,Europe,3.29035382,7.734569121,12.33908452,10.509963035583496
183,Finland,FIN,2018,33.60585,204980.0,5515465,81.73,Europe,3.285832565,7.719388049,12.26633835,10.509963035583496
184,Finland,FIN,2019,33.56444,204980.0,5521539,81.98,Europe,3.284004645,7.656236054,12.38449754,12.11061954498291
185,Finland,FIN,2020,33.51807,204980.0,5529468,82.13,Europe,3.28071271,7.738095894,12.35197001,11.98686981201172
186,France,FRA,2016,33.9833,667200.0,63989320,82.57,Europe,3.133258185,7.783753425,13.68386158,26.16684913635254
187,France,FRA,2017,34.7668,661640.0,64144092,82.58,Europe,3.233260155,8.032849102,13.99901333,45.04579544067383
188,France,FRA,2018,35.247223,760230.0,64277812,82.68,Europe,3.23436209,8.09936219,14.02207892,45.04579544067383
189,France,FRA,2019,33.677456,676610.0,64399760,82.83,Europe,3.12290131,7.298766358,11.70610228,48.92876815795898
190,France,FRA,2020,33.638912,676610.0,64480052,82.18,Europe,3.118508535,7.253975458,11.6800452,50.35652923583984
191,French Polynesia,PYF,2016,44.62923,13460.0,293552,77.02,Oceania,4.633186995,14.55893463,22.50830596,0.0043165748938918
192,French Polynesia,PYF,2017,44.36275,12820.0,295456,77.25,Oceania,4.71894849,14.89293112,23.29574219,0.0043153893202543
193,French Polynesia,PYF,2018,44.7337,13460.0,297615,77.46,Oceania,4.64706466,14.45847109,22.19869785,0.0043153893202543
194,French Polynesia,PYF,2019,44.27007,13740.0,299730,77.66,Oceania,4.64248683,14.51818711,22.64056988,0.0043150000274181
195,French Polynesia,PYF,2020,43.95048,13740.0,301935,77.84,Oceania,4.61154432,14.40237632,22.21858631,0.0043150000274181
196,Gabon,GAB,2016,32.186367,31050.0,2086210,65.42,Africa,3.253190615,11.7438166,25.19727768,0.9689987897872924
197,Gabon,GAB,2017,29.842867,29040.0,2140225,65.84,Africa,2.96527898,10.98213047,24.16068784,28.82717704772949
198,Gabon,GAB,2018,29.136076,29050.0,2192013,66.19,Africa,2.89683564,10.45460328,22.31584707,28.82717704772949
199,Gabon,GAB,2019,28.479666,29050.0,2242788,66.47,Africa,2.832128586,10.60505779,22.90534757,28.82714080810547
200,Gabon,GAB,2020,27.863092,29050.0,2292583,66.69,Africa,2.771067116,10.10074965,21.47761693,28.82714080810547
201,Gambia,GMB,2016,24.910168,58300.0,2317212,,Africa,2.694490043,12.27447948,47.12847813,0.0703435838222503
202,Gambia,GMB,2017,25.587755,60500.0,2381189,,Africa,2.91860351,13.33746998,47.61904992,0.0696771293878555
203,Gambia,GMB,2018,20.76783,50700.0,2444916,,Africa,2.256718095,10.68320983,39.1612532,0.0696771293878555
204,Gambia,GMB,2019,24.254885,56230.0,2508882,,Africa,2.599212268,12.18574937,40.54342208,0.0696789994835853
205,Gambia,GMB,2020,23.640882,56230.0,2574005,,Africa,2.532475485,12.0006493,40.64906448,0.6038399934768677
206,Georgia,GEO,2016,8.976197,45380.0,3771112,73.21,Asia,0.952190319,3.186370433,8.684864158,0.6679180860519409
207,Georgia,GEO,2017,9.458779,100330.0,3771904,73.41,Asia,1.016340456,3.403039246,9.103543466,0.6677560806274414
208,Georgia,GEO,2018,9.953437,205910.0,3772323,73.6,Asia,1.080605751,3.536121655,9.189723525,0.6677560806274414
209,Georgia,GEO,2019,10.599196,254200.0,3770814,73.77,Asia,1.129662481,3.512148481,8.837772922,0.6677560210227966
210,Georgia,GEO,2020,10.614025,254200.0,3765912,73.92,Asia,1.128984822,3.491987773,9.051457218,0.6677560210227966
211,Germany,DEU,2016,13.747015,312990.0,82331432,80.99,Europe,1.628826443,4.321345508,7.196908348,45.35655212402344
212,Germany,DEU,2017,12.775198,284220.0,82624368,80.99,Europe,1.570139006,4.18043972,6.98505587,45.35739517211914
213,Germany,DEU,2018,12.724795,284220.0,82896696,80.89,Europe,1.56648364,4.120138708,6.821804405,45.35739517211914
214,Germany,DEU,2019,12.686034,284220.0,83148144,81.29,Europe,1.5617985,4.100885757,6.480073102,45.38045120239258
215,Germany,DEU,2020,12.658737,284220.0,83328992,80.94,Europe,1.559719241,4.055730545,6.426735134,45.38862991333008
216,Ghana,GHA,2016,24.179678,379940.0,29554298,63.12,Africa,2.877372015,14.12536714,59.40450263,0.0926094949245452
217,Ghana,GHA,2017,24.41664,439320.0,30222266,63.46,Africa,2.887455396,13.63560923,56.58166799,0.0974062085151672
218,Ghana,GHA,2018,24.299082,413000.0,30870648,63.78,Africa,2.85784196,13.13915808,55.31335116,0.0974062085151672
219,Ghana,GHA,2019,24.577616,445350.0,31522294,64.07,Africa,2.89870152,13.12181,56.06266732,0.0974059998989105
220,Ghana,GHA,2020,24.08171,445350.0,32180402,64.35,Africa,2.84065703,12.50000021,51.1746045,0.0966920033097267
221,Greece,GRC,2016,20.282543,199980.0,10749742,81.39,Europe,2.029192315,5.46495832,10.21964049,1.4571834802627563
222,Greece,GRC,2017,19.225836,203610.0,10692230,81.29,Europe,2.049306005,5.457864985,10.20848316,4.517865180969238
223,Greece,GRC,2018,19.721437,209470.0,10633275,81.79,Europe,2.047892725,5.251459037,9.133376715,4.517865180969238
224,Greece,GRC,2019,21.404455,211850.0,10574026,81.64,Europe,2.255936301,5.97930219,10.0466912,4.517860889434815
225,Greece,GRC,2020,21.535734,211850.0,10512232,81.09,Europe,2.269134701,6.219621294,10.64516102,4.517862796783447
226,Grenada,GRD,2016,22.830137,2550.0,119973,72.41,North America,2.697348723,11.53736105,20.89165469,0.0418545342981815
227,Grenada,GRD,2017,24.86472,2550.0,120934,72.39,North America,2.824197136,11.59878955,19.86333774,0.0862502679228782
228,Grenada,GRD,2018,34.005154,2730.0,121853,72.38,North America,3.913416485,16.01796367,26.46133079,0.0862502679228782
229,Grenada,GRD,2019,31.007439,2630.0,122737,72.4,North America,3.54386384,14.70222485,22.5758541,0.0862519964575767
230,Grenada,GRD,2020,30.779413,2630.0,123672,72.43,North America,3.516795805,14.07308972,21.59902077,0.0980359986424446
231,Guatemala,GTM,2016,3.2573562,39290.0,16291004,73.54,North America,0.364111335,1.411696995,4.541242076,0.8078663945198059
232,Guatemala,GTM,2017,3.2138946,43050.0,16578718,73.81,North America,0.379851704,1.450924584,4.790981393,0.9001436233520508
233,Guatemala,GTM,2018,3.1629531,43050.0,16850176,74.06,North America,0.373617468,1.464772296,4.743833137,0.9001436233520508
234,Guatemala,GTM,2019,3.1141589,43050.0,17106338,74.3,North America,0.367635227,1.435056442,4.378909829,0.9001410007476807
235,Guatemala,GTM,2020,3.0748875,43050.0,17362716,74.53,North America,0.365323463,1.40254483,4.046725134,0.8059849739074707
236,Guinea,GIN,2016,9.995656,128250.0,11930991,60.17,Africa,1.091651527,5.423728619,29.14669191,0.5293440818786621
237,Guinea,GIN,2017,10.410935,130250.0,12240791,60.71,Africa,1.133520202,5.683869153,29.80132625,0.5295714735984802
238,Guinea,GIN,2018,10.144878,130250.0,12554871,61.18,Africa,1.104367908,5.407315531,29.31034481,0.5295714735984802
239,Guinea,GIN,2019,9.897628,130250.0,12877537,61.6,Africa,1.075102573,5.199579597,26.19047543,0.5295699834823608
240,Guinea,GIN,2020,9.646849,130250.0,13205157,61.96,Africa,1.04906997,5.110521494,27.57633617,0.5295699834823608
241,Guinea-Bissau,GNB,2016,1.2918999,6710.0,1834554,57.33,Africa,0.131181263,0.871203187,4.05257414,10.009708404541016
242,Guinea-Bissau,GNB,2017,1.2155322,6740.0,1879835,57.67,Africa,0.127776747,0.836820084,4.152249038,10.00941276550293
243,Guinea-Bissau,GNB,2018,1.1877064,6730.0,1924954,58.0,Africa,0.124368421,0.822948434,4.211792982,10.00941276550293
244,Guinea-Bissau,GNB,2019,1.1600819,6740.0,1970460,58.32,Africa,0.124538193,0.807195579,4.247572802,10.00944995880127
245,Guinea-Bissau,GNB,2020,1.1422341,6730.0,2015839,58.63,Africa,0.12115491,0.775193819,4.116222679,8.988975524902344
246,Guyana,GUY,2016,24.266088,42480.0,759097,69.45,South America,2.488747646,7.493857505,18.47466945,0.0124169159680604
247,Guyana,GUY,2017,25.736898,43670.0,763265,69.62,South America,2.613554687,7.860408358,19.31506893,0.0127123724669218
248,Guyana,GUY,2018,25.001135,43670.0,785518,69.77,South America,2.537451676,7.761293405,19.31129487,0.0127123724669218
249,Guyana,GUY,2019,24.587706,43670.0,798761,69.91,South America,2.496695776,7.78670247,18.70310849,0.0188849996775388
250,Guyana,GUY,2020,24.636202,43670.0,797207,70.02,South America,2.502838945,7.65418541,18.93733034,0.0188849996775388
251,Haiti,HTI,2017,6.5607653,17900.0,10863546,63.29,North America,0.689992423,3.78542528,19.3581787,0.0
252,Haiti,HTI,2018,6.100646,17780.0,11012427,63.66,North America,0.641476915,3.635604123,17.33067847,0.0
253,Haiti,HTI,2019,5.106535,17910.0,11160441,64.0,North America,0.545168052,3.291082904,15.44885163,1.46356201171875
254,Haiti,HTI,2020,5.0322466,17910.0,11306804,64.32,North America,0.537411656,3.266949966,14.88277212,1.46356201171875
255,Honduras,HND,2016,2.3714511,63700.0,9460798,74.7,North America,0.239643962,1.09656307,3.321765209,4.1828203201293945
256,Honduras,HND,2017,2.6543057,72100.0,9626845,74.9,North America,0.275274021,1.273779916,3.912601452,4.157067775726318
257,Honduras,HND,2018,2.6141472,72100.0,9792854,75.09,North America,0.271597142,1.227588363,3.646833107,4.157067775726318
258,Honduras,HND,2019,2.5738256,72100.0,9958832,75.27,North America,0.26433092,1.204819359,3.6238985,4.157063961029053
259,Honduras,HND,2020,2.5246487,72100.0,10121762,75.45,North America,0.260733611,1.21869793,3.707465859,4.5779128074646
260,Iceland,ISL,2016,91.862595,1082320.0,335677,82.2,Europe,10.01418964,20.02020709,28.14814707,0.3803218305110931
261,Iceland,ISL,2017,89.96319,1184160.0,343641,82.66,Europe,10.65343604,21.13746863,29.27471398,0.38033527135849
262,Iceland,ISL,2018,87.59397,1184160.0,352951,82.86,Europe,10.37149289,20.80827856,29.14218582,0.38033527135849
263,Iceland,ISL,2019,85.69086,1184160.0,360787,83.16,Europe,10.145613,20.82658631,28.65723706,0.3804360032081604
264,Iceland,ISL,2020,84.30447,1184160.0,366682,83.07,Europe,9.98303908,21.16215474,29.21180777,0.4211060106754303
265,India,IND,2016,6.520493,10761760.0,1338636288,68.9,Asia,0.697019951,3.051383536,13.9350182,0.170691579580307
266,India,IND,2017,6.8209267,11607680.0,1354195712,69.16,Asia,0.73245875,3.125,13.98071621,0.1707058548927307
267,India,IND,2018,7.4597697,12496250.0,1369003264,69.42,Asia,0.79700973,3.419994055,14.34133698,0.1707058548927307
268,India,IND,2019,7.962715,13249700.0,1383112064,69.66,Asia,0.854608701,3.587104462,14.48655151,0.1707060039043426
269,India,IND,2020,7.886377,13249700.0,1396387072,69.89,Asia,0.847686658,3.502235188,15.26965521,0.1707060039043426
270,Indonesia,IDN,2016,39.73531,11442870.0,261850176,71.04,Asia,4.54279073,19.21060764,63.12056767,2.882554054260254
271,Indonesia,IDN,2017,44.705704,12838740.0,264498848,71.28,Asia,5.09467876,19.93426659,57.40740642,3.057323217391968
272,Indonesia,IDN,2018,43.327793,12643350.0,267066848,71.51,Asia,4.913039248,19.58868168,56.61888701,3.057323217391968
273,Indonesia,IDN,2019,45.083702,13429320.0,269582880,71.72,Asia,5.129764385,20.17000548,52.49343831,3.0573320388793945
274,Indonesia,IDN,2020,44.712276,13429330.0,271857984,71.91,Asia,5.089895435,20.23357743,52.57966739,3.0576000213623047
275,Iran,IRN,2016,11.155318,1089960.0,83306232,,Asia,1.167822318,3.919045219,13.49174368,0.8047131299972534
276,Iran,IRN,2017,11.226854,1203060.0,84505080,,Asia,1.16731599,4.010534927,13.54629921,0.8045534491539001
277,Iran,IRN,2018,12.114618,1268590.0,85617560,,Asia,1.255410675,4.399902261,14.73598017,0.8045534491539001
278,Iran,IRN,2019,12.250662,1284840.0,86564208,,Asia,1.276070733,4.486785377,14.79529875,0.8045549988746643
279,Iran,IRN,2020,12.143301,1284840.0,87290192,,Asia,1.26436584,4.332129801,14.21239621,0.8045549988746643
280,Iraq,IRQ,2017,3.1948917,67030.0,39621156,70.29,Asia,0.311562905,1.605750044,6.505575933,0.0
281,Iraq,IRQ,2018,2.8505828,62670.0,40590700,70.45,Asia,0.290499558,1.498700147,6.906271863,0.0
282,Ireland,IRL,2016,21.130945,270550.0,4715791,81.65,Europe,2.297118959,5.733466466,9.974747668,2.3323235511779785
283,Ireland,IRL,2017,23.347357,292220.0,4771860,82.16,Europe,2.53035958,6.090304707,10.13247956,2.332110643386841
284,Ireland,IRL,2018,23.045847,292220.0,4834506,82.2,Europe,2.499507298,5.910185545,9.744680531,2.332110643386841
285,Ireland,IRL,2019,22.756933,292220.0,4896021,82.7,Europe,2.467860995,5.904895096,10.11185723,2.3321421146392822
286,Ireland,IRL,2020,22.521992,292220.0,4946123,82.2,Europe,2.44137988,5.85152834,9.3094345,2.331835985183716
287,Israel,ISR,2016,24.479017,20500.0,8159015,82.41,Asia,2.245500185,5.024758524,8.662188844,0.0323101766407489
288,Israel,ISR,2017,25.746204,19040.0,8309256,82.55,Asia,2.379217095,5.303519542,9.167015318,0.0325519368052482
289,Israel,ISR,2018,25.295214,19040.0,8456487,82.8,Asia,2.34074865,5.094086794,8.403688419,0.0325519368052482
290,Israel,ISR,2019,24.851717,19040.0,8607922,82.8,Asia,2.297521883,5.046818058,8.73746423,0.0325520001351833
291,Israel,ISR,2020,24.432203,19040.0,8757487,82.7,Asia,2.2582988,5.05409346,8.705326643,0.0425070002675056
292,Italy,ITA,2016,30.019384,353740.0,60118628,83.24,Europe,2.968538795,7.887268763,15.47619059,8.78357219696045
293,Italy,ITA,2017,30.092285,353180.0,60004024,82.95,Europe,3.155594725,8.279267929,16.03225155,8.794648170471191
294,Italy,ITA,2018,29.717415,349070.0,59877432,83.35,Europe,3.137642565,8.19893764,15.68156662,8.794648170471191
295,Italy,ITA,2019,29.530964,327740.0,59727936,83.5,Europe,3.063799415,7.944732028,14.68866404,8.77793025970459
296,Italy,ITA,2020,29.64125,327740.0,59500576,82.34,Europe,3.07844285,7.971571882,14.83467488,9.735906600952148
297,Jamaica,JAM,2016,23.941044,14500.0,2802699,74.18,North America,2.475082995,9.369628011,19.32053132,0.7545990943908691
298,Jamaica,JAM,2017,26.532911,17360.0,2808388,74.27,North America,2.69161877,9.90500127,20.48540854,0.7545972466468811
299,Jamaica,JAM,2018,26.502075,17360.0,2811842,74.37,North America,2.689767673,9.418356911,19.44367981,0.7545972466468811
300,Jamaica,JAM,2019,26.477957,17360.0,2813776,74.48,North America,2.68860752,9.31496014,19.20765088,0.7545959949493408
301,Jamaica,JAM,2020,26.415413,17360.0,2820438,74.59,North America,2.682487346,9.538084246,19.83002916,0.7545959949493408
302,Japan,JPN,2016,45.57436,3869870.0,126993856,83.98,Asia,6.092024105,19.69606861,36.14378908,0.4934920370578766
303,Japan,JPN,2017,46.134132,3819400.0,126662464,84.1,Asia,6.09553358,19.38537149,35.36559403,8.23376178741455
304,Japan,JPN,2018,46.27419,3819400.0,126255872,84.21,Asia,6.1154363,19.27222089,35.05480528,8.23376178741455
305,Japan,JPN,2019,46.451286,3819400.0,125791680,84.36,Asia,6.1399205,19.24319372,34.7717337,8.23376178741455
306,Japan,JPN,2020,46.654346,3819400.0,125244760,84.62,Asia,6.166502355,19.20780613,34.25470737,8.233667373657227
307,Jordan,JOR,2016,5.7623186,1760.0,9964659,74.18,Asia,0.559932484,2.229654527,6.799830284,35.21878433227539
308,Jordan,JOR,2017,5.125123,1760.0,10215384,74.29,Asia,0.50700398,2.096587502,6.435863404,35.590911865234375
309,Jordan,JOR,2018,5.0016184,1760.0,10459864,74.4,Asia,0.493778826,2.136945052,5.742013543,35.590911865234375
310,Jordan,JOR,2019,4.8909535,1760.0,10698682,74.53,Asia,0.485932238,2.229954013,5.862785494,35.71783828735352
311,Jordan,JOR,2020,4.789403,1760.0,10928723,74.66,Asia,0.473665391,2.236884429,5.673469383,0.9820709824562072
312,Kazakhstan,KAZ,2016,3.166044,43210.0,18078558,72.41,Asia,0.334801762,0.986423426,1.787430338,1.0496704578399658
313,Kazakhstan,KAZ,2017,2.8233306,32720.002,18314822,72.95,Asia,0.299065743,0.848583966,1.587605157,1.0492124557495115
314,Kazakhstan,KAZ,2018,2.796705,32720.002,18538100,73.15,Asia,0.29577875,0.815758047,1.560121757,1.0492124557495115
315,Kazakhstan,KAZ,2019,2.7598257,32720.002,18754260,73.18,Asia,0.292452491,0.80261594,1.479992629,1.0492119789123535
316,Kazakhstan,KAZ,2020,2.7305465,32720.002,18979250,71.37,Asia,0.288883886,0.786009018,1.416932274,50.72808837890625
317,Kenya,KEN,2016,3.594816,158130.0,47894668,65.39,Africa,0.370081713,1.613692,6.702776282,0.8042675852775574
318,Kenya,KEN,2017,3.160093,134570.0,48948140,65.91,Africa,0.325807651,1.459731545,6.227630501,0.8041839599609375
319,Kenya,KEN,2018,3.096751,134570.0,49953300,66.34,Africa,0.319191708,1.410320338,5.990134248,0.8041839599609375
320,Kenya,KEN,2019,3.0336225,134570.0,50951452,66.7,Africa,0.312597242,1.375538516,6.374807956,0.8041809797286987
321,Kenya,KEN,2020,2.9789176,134570.0,51985780,66.99,Africa,0.309579845,1.417703899,6.661250661,0.7628769874572754
322,Kiribati,KIR,2016,73.01732,172820.0,118529,67.58,Oceania,8.302657555,33.04251532,62.59181567,11.814154624938965
323,Kiribati,KIR,2017,72.72143,161140.0,120378,67.85,Oceania,8.240562295,33.65805373,65.74737999,11.817900657653809
324,Kiribati,KIR,2018,71.59639,161140.0,122276,68.12,Oceania,8.1130083,33.31437662,65.70387018,11.817900657653809
325,Kiribati,KIR,2019,70.46075,161140.0,124252,68.37,Oceania,7.98424214,31.3313451,60.56079887,11.817899703979492
326,Kiribati,KIR,2020,69.22023,161140.0,126473,68.61,Oceania,7.8426455,30.63972967,59.30656918,11.817899703979492
327,Kuwait,KWT,2016,13.020273,5690.0,4048090,75.22,Asia,1.362925476,3.865223089,8.08807955,1.4795137643814087
328,Kuwait,KWT,2017,14.464278,4330.0,4124904,75.31,Asia,1.536104544,4.30453616,9.044802023,1.4792757034301758
329,Kuwait,KWT,2018,13.8277235,4330.0,4317190,75.4,Asia,1.469015865,4.225351917,8.771929423,1.4792757034301758
330,Kuwait,KWT,2019,13.442255,4330.0,4441105,75.49,Asia,1.428014685,4.064160729,8.428572175,1.3642539978027344
331,Kuwait,KWT,2020,13.691833,4330.0,4360451,75.59,Asia,1.45135388,3.932203354,8.198707703,1.3642539978027344
332,Latvia,LVA,2016,25.496756,115590.0,1973477,74.58,Europe,2.68346102,7.369898848,13.02037234,16.035541534423828
333,Latvia,LVA,2017,24.132242,118950.0,1954861,74.63,Europe,2.702950925,7.473811617,12.88641845,16.036361694335938
334,Latvia,LVA,2018,24.373516,118950.0,1935632,74.78,Europe,2.730341985,8.110151071,14.3980061,16.036361694335938
335,Latvia,LVA,2019,24.61334,118950.0,1916552,75.39,Europe,2.75616683,8.030896199,13.78746565,16.036609649658203
336,Latvia,LVA,2020,24.866865,118950.0,1897057,75.39,Europe,2.78352796,8.200577497,13.68909543,16.03788948059082
337,Lebanon,LBN,2016,9.536829,5320.0,6258628,78.8,Asia,0.912327939,3.331426918,10.45780968,0.2122614681720733
338,Lebanon,LBN,2017,9.74421,4640.0,6109255,78.83,Asia,0.932955148,3.316917605,10.62152044,0.2114285826683044
339,Lebanon,LBN,2018,10.004655,4640.0,5950842,78.88,Asia,0.959202006,3.260403246,9.374999945,0.2114285826683044
340,Lebanon,LBN,2019,10.292022,4640.0,5781912,78.93,Asia,0.986753483,3.291943414,9.290953594,0.2114299982786178
341,Lebanon,LBN,2020,10.51009,4640.0,5662924,79.0,Asia,1.007437851,3.350402369,10.10591349,0.2114299982786178
342,Liberia,LBR,2016,5.877388,14740.0,4706106,62.8,Africa,0.601238257,4.158464552,16.52003984,0.101708173751831
343,Liberia,LBR,2017,4.685696,14850.0,4796632,63.3,Africa,0.468716612,3.15282763,13.19234561,0.1033424884080886
344,Liberia,LBR,2018,4.3169384,14360.0,4889396,63.73,Africa,0.406511633,2.824293545,11.93241694,0.1033424884080886
345,Liberia,LBR,2019,4.357706,16820.0,4985290,64.1,Africa,0.390410862,2.713568008,12.50000028,0.1033430024981498
346,Liberia,LBR,2020,4.2747197,16820.0,5087591,64.42,Africa,0.38462532,2.737603044,12.19792761,0.1033430024981498
347,Libya,LBY,2016,17.433384,30010.0,6282202,72.31,Africa,1.818052955,5.769000664,15.8709252,0.6364989876747131
348,Libya,LBY,2017,15.363278,32009.998,6378267,72.52,Africa,1.559130277,5.189920955,14.05772502,0.6364299058914185
349,Libya,LBY,2018,15.135982,32009.998,6477791,72.72,Africa,1.535456596,4.86003563,12.21922721,0.6364299058914185
350,Libya,LBY,2019,14.918657,32009.998,6569085,72.91,Africa,1.513841333,5.000621908,13.43133936,0.6364290118217468
351,Libya,LBY,2020,14.725788,32009.998,6653946,73.08,Africa,1.492612495,4.806408643,12.57542092,0.6336789727210999
352,Lithuania,LTU,2016,28.696318,111340.0,2933676,74.67,Europe,3.167776235,7.135914787,12.08836499,21.51590919494629
353,Lithuania,LTU,2017,30.972763,93510.0,2904452,75.48,Europe,3.42512496,7.652368022,12.83838087,25.591026306152344
354,Lithuania,LTU,2018,31.271248,93510.0,2876128,75.68,Europe,3.4586816,7.940264073,13.13444889,25.591026306152344
355,Lithuania,LTU,2019,31.57645,93510.0,2849083,76.28,Europe,3.492975905,8.135035857,12.76485899,25.592470169067383
356,Lithuania,LTU,2020,31.892159,93510.0,2820269,74.93,Europe,3.526718695,7.980547295,12.17465395,25.592470169067383
357,Madagascar,MDG,2016,5.2224607,150110.0,25501944,65.93,Africa,0.555825979,3.66111212,17.82857068,0.357265830039978
358,Madagascar,MDG,2017,5.579403,171720.0,26169540,66.31,Africa,0.60630818,3.992485019,19.23076983,0.7461844682693481
359,Madagascar,MDG,2018,4.05964,136200.0,26846544,66.68,Africa,0.460597917,3.077289979,15.43062114,0.7461844682693481
360,Madagascar,MDG,2019,3.9866548,119320.0,27533134,67.04,Africa,0.414729608,3.010641177,21.48148098,0.7461850047111511
361,Madagascar,MDG,2020,3.885057,119320.0,28225182,67.39,Africa,0.404644366,3.041722597,22.87449417,0.9137279987335204
362,Malaysia,MYS,2016,56.734287,1782190.0,31526414,75.65,Asia,6.078472385,22.20347894,39.29719916,1.4074420928955078
363,Malaysia,MYS,2017,56.264816,1694820.0,31975812,75.83,Asia,5.92239729,21.53647573,38.63794387,1.5446206331253052
364,Malaysia,MYS,2018,54.912502,1636850.0,32399270,76.0,Asia,5.80726753,21.48488896,38.39830859,1.5446206331253052
365,Malaysia,MYS,2019,53.976814,1685190.0,32804024,76.16,Asia,5.67370162,20.17954222,36.47166333,1.544437050819397
366,Malaysia,MYS,2020,53.32593,1685190.0,33199988,76.31,Asia,5.607899055,19.33742399,34.28322864,3.3050169944763184
367,Maldives,MDV,2016,133.97824,129190.0,454263,78.01,Asia,16.2433176,44.4851798,67.9302635,0.0486926734447479
368,Maldives,MDV,2017,95.06381,143260.0,472449,78.32,Asia,11.33490236,36.31230067,60.56511033,0.0515050366520881
369,Maldives,MDV,2018,91.700935,143260.0,489773,78.63,Asia,10.93262819,35.22487858,57.55060735,0.0515050366520881
370,Maldives,MDV,2019,89.02172,143260.0,504518,78.92,Asia,10.61330685,33.83127118,57.46672211,0.0515049993991851
371,Maldives,MDV,2020,87.30368,143260.0,514451,79.21,Asia,10.40846045,33.9334832,62.66451049,0.0675949975848198
372,Malta,MLT,2016,30.95795,9630.0,467717,82.45,Europe,3.419497025,8.916688027,15.46867751,6.264285087585449
373,Malta,MLT,2017,29.860292,9270.0,479507,82.35,Europe,3.39072809,8.818173576,15.40675628,6.270051002502441
374,Malta,MLT,2018,30.068003,12760.0,491590,82.45,Europe,3.20085363,8.979516562,15.81829828,6.270051002502441
375,Malta,MLT,2019,20.022938,6270.0,503646,82.86,Europe,3.035049095,9.220477053,16.06418908,7.444798946380615
376,Malta,MLT,2020,19.568254,6270.0,515364,82.65,Europe,2.96766608,8.813149736,14.89562024,7.444940090179443
377,Mauritania,MRT,2016,8.70434,609750.0,4051896,64.21,Africa,0.975255947,3.233830504,8.98100082,4.15370512008667
378,Mauritania,MRT,2017,9.430796,794580.0,4160018,64.46,Africa,0.980812962,3.303797193,9.371632879,4.1534342765808105
379,Mauritania,MRT,2018,9.185982,794580.0,4270717,64.7,Africa,0.955816375,3.137739279,8.981612447,4.1534342765808105
380,Mauritania,MRT,2019,8.950533,794580.0,4383853,64.92,Africa,0.930721275,3.009259429,8.225108849,4.153438091278076
381,Mauritania,MRT,2020,8.7234,794580.0,4498605,65.13,Africa,0.905414511,2.949490005,8.540925106,4.153438091278076
382,Mauritius,MUS,2016,23.30085,19230.0,1293909,74.39,Africa,2.64151084,8.704833315,19.08436232,0.0039060420822352
383,Mauritius,MUS,2017,23.566807,26240.0,1294743,74.51,Africa,2.740202825,8.922148809,19.63237165,0.0038782253395766
384,Mauritius,MUS,2018,23.552332,26240.0,1295386,74.42,Africa,2.73820299,8.815078761,19.33450958,0.0038782253395766
385,Mauritius,MUS,2019,23.536642,26240.0,1296284,74.24,Africa,2.738497472,8.758289372,18.7057391,0.0038779999595135
386,Mauritius,MUS,2020,23.50829,26240.0,1297830,74.18,Africa,2.732605825,8.839523134,19.73140394,0.0038779999595135
387,Mexico,MEX,2016,16.045979,1732060.0,121519224,74.92,North America,1.807786016,5.558720078,11.76754356,2.2514052391052246
388,Mexico,MEX,2017,14.9115715,1871950.0,122839256,74.95,North America,1.623918945,4.98406937,10.58482384,21.782020568847656
389,Mexico,MEX,2018,13.482612,1939240.0,124013864,74.99,North America,1.845896615,5.586152481,11.66666588,21.782020568847656
390,Mexico,MEX,2019,14.054335,1824590.0,125085312,75.05,North America,1.585855285,4.766167155,10.01645932,21.55340003967285
391,Mexico,MEX,2020,13.947438,1824590.0,125998296,75.13,North America,1.57617293,4.761904515,9.962227865,21.553390502929688
392,Montenegro,MNE,2017,13.981042,2090.0,632445,76.49,Europe,1.362754401,3.367666789,5.548996412,0.0012194317532703
393,Montenegro,MNE,2018,14.161996,2390.0,631459,76.84,Europe,1.401182331,3.439672024,5.708370157,0.0012194317532703
394,Montenegro,MNE,2019,15.520364,2350.0,630403,76.68,Europe,1.54894842,3.808332168,6.382022951,0.1399140059947967
395,Montenegro,MNE,2020,15.555531,2350.0,629058,75.93,Europe,1.552458041,3.840952495,6.482045483,0.0721459984779357
396,Morocco,MAR,2016,20.360857,1448160.0,35107272,75.97,Africa,2.446804401,6.79513152,25.83879538,0.4606419205665588
397,Morocco,MAR,2017,19.498981,1378650.0,35528116,76.22,Africa,2.32851093,6.465035751,23.9473693,0.2599844634532928
398,Morocco,MAR,2018,19.003529,1332850.0,35927516,76.45,Africa,2.280373161,6.234987948,23.34207518,0.2599844634532928
399,Morocco,MAR,2019,18.6757,1459520.0,36304408,76.68,Africa,2.251431325,6.244279302,22.00716784,0.2599839866161346
400,Morocco,MAR,2020,18.48105,1459520.0,36688768,76.9,Africa,2.22527141,6.190622658,21.76724186,0.6896119713783264
401,Mozambique,MOZ,2016,11.856877,300840.0,27696500,58.31,Africa,1.257984545,8.628930177,47.63888912,2.232030868530273
402,Mozambique,MOZ,2017,12.484667,331160.0,28569448,59.31,Africa,1.339619825,8.644307874,45.57907705,2.232030868530273
403,Mozambique,MOZ,2018,12.821348,352100.0,29423882,60.16,Africa,1.386740558,7.703251845,48.84020541,2.232030868530273
404,Mozambique,MOZ,2019,13.866732,394680.0,30285602,60.85,Africa,1.496814995,9.385039559,54.02906236,2.232032060623169
405,Mozambique,MOZ,2020,13.463253,394680.0,31178242,61.39,Africa,1.452637877,9.014532282,54.83425464,2.145914077758789
406,Myanmar,MMR,2016,47.91109,3090000.0,51892352,66.2,Asia,6.070459175,17.33248235,38.15666184,0.0523196458816528
407,Myanmar,MMR,2017,46.850708,3199090.0,52288344,66.56,Asia,5.93617531,16.85714234,37.21962525,2.32704758644104
408,Myanmar,MMR,2018,46.512383,3199090.0,52666016,66.87,Asia,5.89226508,16.63863767,36.03459992,2.32704758644104
409,Myanmar,MMR,2019,46.18909,3199090.0,53040212,67.13,Asia,5.85026088,16.45397481,36.04491225,0.4778389930725097
410,Myanmar,MMR,2020,45.851414,3199090.0,53423200,67.36,Asia,5.81030725,16.38364842,35.72571557,0.4778389930725097
411,Namibia,NAM,2016,13.12283,515860.0,2323351,62.62,Africa,1.455842504,6.208530464,18.22820104,1.7141509056091309
412,Namibia,NAM,2017,12.743967,501780.0,2364540,63.02,Africa,1.435525546,6.020534798,17.21530216,1.7141984701156616
413,Namibia,NAM,2018,12.526544,501780.0,2405682,63.37,Africa,1.411398462,5.89055934,17.33576621,1.7141984701156616
414,Namibia,NAM,2019,12.316411,501780.0,2446648,63.71,Africa,1.388094197,5.945170467,19.1282048,1.7142000198364258
415,Namibia,NAM,2020,12.106867,501780.0,2489099,64.04,Africa,1.363706941,5.569928339,16.67425961,1.7142000198364258
416,Netherlands,NLD,2016,20.923172,431870.0,17124512,81.56,Europe,2.11735551,5.45963613,8.140829257,21.490537643432617
417,Netherlands,NLD,2017,21.761932,562590.0,17207204,81.76,Europe,2.451531114,6.658821318,10.68113908,26.67468643188477
418,Netherlands,NLD,2018,14.478167,464000.0,17286042,81.81,Europe,1.70387402,4.591787289,7.261283866,26.67468643188477
419,Netherlands,NLD,2019,21.574183,562590.0,17363260,82.11,Europe,2.429581912,6.359958748,10.39520249,26.862340927124023
420,Netherlands,NLD,2020,21.484236,562590.0,17434562,81.41,Europe,2.42139916,6.032710605,9.616754534,26.86294937133789
421,New Caledonia,NCL,2016,26.023691,5320.0,283753,76.93,Oceania,2.477754685,8.250205646,14.19055348,96.34122467041016
422,New Caledonia,NCL,2017,23.495876,5120.0,284358,77.54,Oceania,2.303998443,7.592267191,13.18681267,96.59333801269533
423,New Caledonia,NCL,2018,23.460531,5120.0,284887,77.43,Oceania,2.299515221,7.554507715,13.12448791,96.59333801269533
424,New Caledonia,NCL,2019,23.412722,5120.0,285374,77.63,Oceania,2.29282196,7.035063954,12.3059002,96.26024627685548
425,New Caledonia,NCL,2020,23.335457,5120.0,286412,77.77,Oceania,2.284901095,6.991761195,12.10719096,96.26024627685548
426,New Zealand,NZL,2016,23.923334,532140.0,4668088,81.61,Oceania,2.426167301,7.121470761,12.76595723,30.343000411987305
427,New Zealand,NZL,2017,24.747091,545460.0,4746253,81.66,Oceania,2.411850833,7.438385287,13.89004587,30.371109008789062
428,New Zealand,NZL,2018,25.663124,511640.0,4838528,81.86,Oceania,2.56895906,7.784041828,14.48164605,30.371109008789062
429,New Zealand,NZL,2019,25.665735,525880.0,4959033,81.71,Oceania,2.47489637,7.683059788,14.28571411,30.422719955444336
430,New Zealand,NZL,2020,25.153843,525880.0,5061130,82.06,Oceania,2.423963358,7.991286015,15.24830371,30.421539306640625
431,Nicaragua,NIC,2016,6.4330187,65940.0,6389237,73.86,North America,0.579810348,2.52786933,8.460325954,2.930758476257324
432,Nicaragua,NIC,2017,6.7785773,75820.0,6480534,74.07,North America,0.586179452,2.557665269,8.419421651,2.974231481552124
433,Nicaragua,NIC,2018,6.680246,75830.0,6572234,74.28,North America,0.578151204,2.484184635,8.523028312,2.974231481552124
434,Nicaragua,NIC,2019,6.590762,75830.0,6663919,74.48,North America,0.570037071,2.366423587,6.874189469,2.974227905273437
435,Nicaragua,NIC,2020,6.5010977,75830.0,6755900,74.7,North America,0.561908631,2.3387459,6.669499238,3.3923590183258057
436,Nigeria,NGA,2016,9.038432,1041500.0,188666928,53.54,Africa,0.982153315,4.563691014,37.6033066,0.0169520992785692
437,Nigeria,NGA,2017,8.996375,1212470.0,193495904,53.95,Africa,0.957739159,4.387267248,37.46478999,0.0167093090713024
438,Nigeria,NGA,2018,8.836646,1169480.0,198387616,54.33,Africa,0.95139586,4.409554273,37.66048632,0.0167093090713024
439,Nigeria,NGA,2019,6.8403215,1114560.0,203304496,54.69,Africa,0.952504913,4.47761235,38.82353137,0.0167089998722076
440,Nigeria,NGA,2020,6.679113,1114560.0,208327408,55.02,Africa,0.928198723,4.38342127,38.99848101,0.0167089998722076
441,North Korea,PRK,2016,11.054352,275750.0,25389614,,Asia,1.1023949,5.49012449,29.21889995,0.0224201139062643
442,North Korea,PRK,2017,11.112281,280760.0,25516318,,Asia,1.06583223,5.308932928,29.0963266,0.022085515782237
443,North Korea,PRK,2018,11.061835,280760.0,25638152,,Asia,1.06213551,5.449794922,29.28786505,0.022085515782237
444,North Korea,PRK,2019,11.011695,280760.0,25755442,,Asia,1.054830728,5.344636815,28.71287181,0.0220849998295307
445,North Korea,PRK,2020,10.9623,280760.0,25867474,,Asia,1.051234858,5.407934196,29.45973712,0.0220849998295307
446,Norway,NOR,2016,51.59157,3359970.0,5236591,82.41,Europe,5.45712449,13.46518542,23.0626448,0.7466120719909668
447,Norway,NOR,2017,51.541058,3676920.0,5277396,82.61,Europe,5.41005482,13.15344238,22.14724911,0.8307816386222839
448,Norway,NOR,2018,51.206333,3676920.0,5312321,82.76,Europe,5.37309784,12.79587713,22.5871101,0.8307816386222839
449,Norway,NOR,2019,50.859097,3676920.0,5348285,82.96,Europe,5.337439165,12.63908151,23.23054723,0.8330680131912231
450,Norway,NOR,2020,50.566196,3676920.0,5379836,83.21,Europe,5.307485805,12.34388421,22.68154772,1.53444504737854
451,Oman,OMN,2016,28.76977,279710.0,4398080,77.14,Asia,2.82503868,9.1976276,18.4959844,0.1231956183910369
452,Oman,OMN,2017,29.320114,347620.0,4541853,77.39,Asia,2.917320389,9.228943966,19.00341958,0.1231937631964683
453,Oman,OMN,2018,28.93521,347620.0,4601160,77.63,Asia,2.880716875,8.951315508,18.41783023,0.1231937631964683
454,Oman,OMN,2019,28.924055,347620.0,4602769,77.86,Asia,2.879975451,8.471626241,17.71414731,0.1231940016150474
455,Oman,OMN,2020,29.301771,347620.0,4543406,78.08,Asia,2.91685808,8.317735006,17.69977585,0.1231940016150474
456,Pakistan,PAK,2016,1.7642788,669590.0,213524848,66.77,Asia,0.205371557,0.915438218,2.171512398,0.7663509249687195
457,Pakistan,PAK,2017,1.6622515,679450.0,216379648,66.95,Asia,0.192888433,0.844983885,2.015390336,0.7665290236473083
458,Pakistan,PAK,2018,1.6322892,679450.0,219731488,67.11,Asia,0.190369338,0.82974796,1.953690232,0.7665290236473083
459,Pakistan,PAK,2019,1.6099831,679450.0,223293280,67.27,Asia,0.187621224,0.795318082,1.780913908,0.7665290236473083
460,Pakistan,PAK,2020,1.5847697,679450.0,227196736,67.43,Asia,0.184533306,0.769800092,1.732755587,0.7665290236473083
461,Panama,PAN,2016,14.097232,146220.0,4026338,77.96,North America,1.93596292,6.822284903,13.02955615,1.6813795566558838
462,Panama,PAN,2017,14.418368,153570.0,4096071,78.15,North America,1.910383611,6.730273352,12.93359737,1.6814168691635132
463,Panama,PAN,2018,14.179861,153570.0,4165258,78.33,North America,1.877728484,5.91150053,11.00622179,1.6814168691635132
464,Panama,PAN,2019,13.945655,153570.0,4232538,78.51,North America,1.84564221,5.972271777,10.61723225,1.681414008140564
465,Panama,PAN,2020,13.744919,153570.0,4294391,78.68,North America,1.818991261,5.818864279,10.39178734,11.570799827575684
466,Papua New Guinea,PNG,2016,15.086179,310730.0,8899176,63.74,Oceania,1.8117359,8.254754083,14.59814185,0.190497413277626
467,Papua New Guinea,PNG,2017,15.645122,326180.0,9114803,64.01,Oceania,1.875331675,8.709981106,15.66027144,0.1904753446578979
468,Papua New Guinea,PNG,2018,15.552958,335350.0,9329233,64.26,Oceania,1.861973186,8.619077853,15.6479922,0.1904753446578979
469,Papua New Guinea,PNG,2019,13.703343,248340.0,9542492,64.5,Oceania,1.644861185,7.837492662,14.32329765,0.1388860046863556
470,Papua New Guinea,PNG,2020,13.407258,248340.0,9749641,64.72,Oceania,1.611119235,7.712040711,14.4011974,0.1388860046863556
471,Peru,PER,2016,24.396877,3897160.0,31132776,76.04,South America,2.748324258,8.951346204,19.18016253,0.4808371365070343
472,Peru,PER,2017,24.931955,4257870.0,31605488,76.29,South America,2.650885865,8.537013451,18.30950708,0.4815310537815094
473,Peru,PER,2018,25.945662,7273260.0,32203946,76.52,South America,2.813495081,8.792205018,18.53355635,0.4815310537815094
474,Peru,PER,2019,27.216782,4968960.0,32824864,76.74,South America,2.86672533,8.752759425,17.90876171,0.4815309941768646
475,Peru,PER,2020,26.829107,4968960.0,33304768,76.95,South America,2.825768315,8.673469486,18.13543627,0.4815309941768646
476,Philippines,PHL,2016,28.299334,2821220.0,104875272,70.8,Asia,3.02698077,14.13885988,35.762999,1.1590557098388672
477,Philippines,PHL,2017,25.805882,2709520.0,106738496,70.95,Asia,2.715332455,12.74476735,32.99825289,1.1590629816055298
478,Philippines,PHL,2018,27.957262,2875630.0,108568832,71.1,Asia,2.968814005,13.60276143,34.6153853,1.1590629816055298
479,Philippines,PHL,2019,28.855701,2871960.0,110380800,71.23,Asia,3.067461095,13.12729474,34.94908375,1.1590640544891355
480,Philippines,PHL,2020,28.393742,2871960.0,112190984,71.36,Asia,3.01606581,12.88063252,35.7565495,1.1590640544891355
481,Poland,POL,2016,12.313954,256420.02,38532108,77.85,Europe,2.43981925,6.572952137,11.92402407,22.5727481842041
482,Poland,POL,2017,12.233112,265200.0,38532816,77.75,Europe,2.347585465,6.246412848,11.60476299,22.571823120117188
483,Poland,POL,2018,12.236567,265200.0,38521464,77.6,Europe,2.346359211,6.245815398,11.35454704,22.571823120117188
484,Poland,POL,2019,12.244213,265200.0,38493600,77.9,Europe,2.349530696,6.122448871,10.81170439,22.572429656982425
485,Poland,POL,2020,12.271371,265200.0,38428368,76.6,Europe,2.354556965,6.015244877,10.46827563,22.57246971130371
486,Portugal,PRT,2016,57.322525,194000.0,10332751,81.12,Europe,5.610032115,13.91855162,22.34166187,8.356609344482422
487,Portugal,PRT,2017,56.737827,189560.0,10307528,81.42,Europe,5.621826725,13.74120583,22.21102738,16.563934326171875
488,Portugal,PRT,2018,59.483772,190380.0,10289833,81.32,Europe,6.49382815,15.37865125,24.01130041,16.563934326171875
489,Portugal,PRT,2019,59.40975,197630.0,10289921,81.68,Europe,6.53656381,15.54386303,24.0812517,16.564599990844727
490,Portugal,PRT,2020,59.35927,197630.0,10298186,80.98,Europe,6.53417306,15.70808037,24.78070138,16.81831932067871
491,Qatar,QAT,2019,21.619534,15370.0,2807242,80.23,Asia,2.036301785,5.475247561,11.48494286,1.682345986366272
492,Qatar,QAT,2020,21.980558,15370.0,2760390,80.36,Asia,2.068583371,5.434891202,11.46295062,2.2920620441436768
493,Romania,ROU,2016,7.4593143,25300.0,19797820,75.21,Europe,0.751830869,1.924693964,3.859123261,8.42685317993164
494,Romania,ROU,2017,8.121467,27800.0,19698852,75.31,Europe,0.812096786,2.078091694,4.194883799,23.09630584716797
495,Romania,ROU,2018,8.167801,27800.0,19606778,75.36,Europe,0.817028775,2.097315334,4.322766444,23.09630584716797
496,Romania,ROU,2019,8.202375,27800.0,19524212,75.61,Europe,0.818154691,2.167034191,4.433110822,23.095949172973636
497,Romania,ROU,2020,8.232551,27800.0,19442040,74.35,Europe,0.823452885,2.188729829,4.440981366,23.09857940673828
498,Russia,RUS,2016,20.643568,4932270.0,145109152,,Europe,2.433678234,6.725913764,13.00527202,2.974555730819702
499,Russia,RUS,2017,20.12071,5054340.0,145452544,,Europe,2.421238669,6.603585677,12.60935729,2.974560022354126
500,Russia,RUS,2018,21.552086,5310940.0,145652288,,Europe,2.60391011,7.023938969,13.37209337,2.974560022354126
501,Russia,RUS,2019,21.73937,5211880.0,145742288,,Europe,2.612077605,6.966774491,13.2603863,2.974560022354126
502,Russia,RUS,2020,21.757278,5211880.0,145617328,,Europe,2.615433415,6.919577822,13.09523753,2.974560022354126
503,Saint Kitts and Nevis,KNA,2016,41.120174,65730.0,47814,,North America,3.874279725,12.43945929,19.91430367,0.1656451821327209
504,Saint Kitts and Nevis,KNA,2017,43.210976,85460.0,47811,,North America,4.251653225,13.28454445,20.7840091,0.1699008196592331
505,Saint Kitts and Nevis,KNA,2018,43.232677,85460.0,47787,,North America,4.25378884,14.13301717,21.91977147,0.1699008196592331
506,Saint Kitts and Nevis,KNA,2019,43.27259,85460.0,47739,,North America,4.260596455,15.42623184,25.14299428,3.9775331020355225
507,Saint Kitts and Nevis,KNA,2020,43.349308,85460.0,47666,,North America,4.26523013,15.65490411,25.30819316,3.9775331020355225
508,Saint Lucia,LCA,2016,32.596684,2120.0,176429,,North America,3.303079545,10.56078134,17.65174208,0.218504786491394
509,Saint Lucia,LCA,2017,34.846394,2100.0,177175,,North America,3.505071275,11.21450682,18.83767514,0.218554213643074
510,Saint Lucia,LCA,2018,34.70291,2100.0,177894,,North America,3.491520285,11.3113963,18.65522798,0.218554213643074
511,Saint Lucia,LCA,2019,34.56341,2100.0,178594,,North America,3.477988275,12.36059531,23.19960224,0.2185499966144561
512,Saint Lucia,LCA,2020,34.44247,2100.0,179245,,North America,3.466324335,12.19095228,21.50313183,0.2185499966144561
513,Saint Vincent and the Grenadines,VCT,2016,20.098518,22810.0,105971,,North America,2.185019575,6.55184068,11.75045472,0.2191126495599746
514,Saint Vincent and the Grenadines,VCT,2017,20.412436,32910.0,105568,,North America,2.232499323,6.653819822,12.1230895,0.2200970947742462
515,Saint Vincent and the Grenadines,VCT,2018,20.464972,32910.0,105297,,North America,2.23824508,6.690220847,12.02129813,0.2200970947742462
516,Saint Vincent and the Grenadines,VCT,2019,20.528809,32910.0,104940,,North America,2.246365855,6.436680176,11.36850276,0.220098003745079
517,Saint Vincent and the Grenadines,VCT,2020,20.588423,32910.0,104644,,North America,2.25211059,6.768229084,12.02727888,0.220098003745079
518,Samoa,WSM,2016,46.568382,8810.0,205559,72.9,Oceania,4.456249595,14.84771575,24.74999897,0.085408329963684
519,Samoa,WSM,2017,45.51897,10860.0,207642,73.05,Oceania,4.421829365,14.71259145,24.75532531,0.0868040546774864
520,Samoa,WSM,2018,45.066498,10860.0,209715,73.19,Oceania,4.3766931,15.01111506,25.48669045,0.0868040546774864
521,Samoa,WSM,2019,44.597813,10860.0,211915,73.32,Oceania,4.33180102,14.33707974,25.60192737,0.0868040025234222
522,Samoa,WSM,2020,43.968235,10860.0,214934,73.45,Oceania,4.27238705,14.58980636,26.6218787,0.1440130025148391
523,Sao Tome and Principe,STP,2016,29.809175,11720.0,204640,69.67,Africa,3.34557175,17.21632271,54.16178175,0.0265736933797597
524,Sao Tome and Principe,STP,2017,29.132229,10810.0,208050,69.93,Africa,3.279315673,17.18036565,55.43277989,0.0267864931374788
525,Sao Tome and Principe,STP,2018,28.671352,10810.0,211358,70.17,Africa,3.228422445,16.4837204,52.05640421,0.0267864931374788
526,Sao Tome and Principe,STP,2019,28.238825,10810.0,214612,70.38,Africa,3.178470735,15.51508436,45.33124342,0.0267859995365142
527,Sao Tome and Principe,STP,2020,27.714493,10810.0,218650,70.58,Africa,3.12071204,15.53451068,45.98382714,0.0267859995365142
528,Saudi Arabia,SAU,2016,11.582531,108000.0,33416272,74.76,Asia,1.13398127,3.551215357,8.759923639,1.5267438888549805
529,Saudi Arabia,SAU,2017,10.977803,123000.0,34193120,74.87,Asia,1.074159595,3.462808953,9.093628336,2.494101047515869
530,Saudi Arabia,SAU,2018,10.317403,140810.0,35018132,75.0,Asia,1.00118259,3.330606424,9.03041783,2.494101047515869
531,Saudi Arabia,SAU,2019,11.410932,142910.0,35827364,75.13,Asia,1.110198454,3.565421943,9.161624666,2.494098901748657
532,Saudi Arabia,SAU,2020,11.354102,142910.0,35997108,75.28,Asia,1.10489734,3.4099576,8.570646658,2.494098901748657
533,Senegal,SEN,2016,18.916115,476230.0,14751356,67.08,Africa,1.944060226,8.564890297,38.6715864,1.1027202606201172
534,Senegal,SEN,2017,19.530865,498670.0,15157793,67.38,Africa,1.982687884,8.503184565,38.27956945,1.1148264408111572
535,Senegal,SEN,2018,16.612442,481560.0,15574910,67.66,Africa,1.61991672,6.972653453,33.56428193,1.1148264408111572
536,Senegal,SEN,2019,12.45592,514490.0,16000783,67.94,Africa,1.211880665,5.201021247,27.16666749,1.1148240566253662
537,Senegal,SEN,2020,12.122858,514490.0,16436120,68.21,Africa,1.178718882,4.950031662,27.02472354,1.1148240566253662
538,Seychelles,SYC,2016,54.646492,127130.0,100521,74.31,Africa,6.274509505,20.08256151,36.53338599,0.0360967889428138
539,Seychelles,SYC,2017,54.812428,136180.0,101828,74.3,Africa,6.362587655,19.74794357,35.75710636,0.0361027866601944
540,Seychelles,SYC,2018,54.1251,136180.0,103120,72.84,Africa,6.28308226,19.22066838,36.43240933,0.0361027866601944
541,Seychelles,SYC,2019,53.473946,136180.0,104386,74.05,Africa,6.20638627,18.51361054,35.67780113,15.656579971313477
542,Seychelles,SYC,2020,52.89067,136180.0,105545,77.24,Africa,6.13912845,18.06444962,35.45472128,32.81502151489258
543,Sierra Leone,SLE,2016,26.484053,202190.0,7493918,53.44,Africa,2.69510452,15.55738841,66.75508456,0.5378535389900208
544,Sierra Leone,SLE,2017,24.987408,202190.0,7677570,53.9,Africa,2.527512106,14.4220995,65.67992442,0.537561297416687
545,Sierra Leone,SLE,2018,25.904537,202190.0,7861287,54.31,Africa,2.64261314,15.00605125,65.20595998,0.537561297416687
546,Sierra Leone,SLE,2019,25.274317,202190.0,8046830,54.7,Africa,2.576514195,14.44753555,60.93881128,0.5375630259513855
547,Sierra Leone,SLE,2020,24.704111,202190.0,8233973,55.07,Africa,2.517688131,14.19457716,60.49277887,0.5375630259513855
548,Slovenia,SVN,2016,11.362236,2150.0,2090020,81.18,Europe,1.119205048,3.223787296,6.163973807,100.0
549,Slovenia,SVN,2017,11.842245,2010.0,2098396,81.03,Europe,1.177200336,3.431578987,6.443961455,100.0
550,Slovenia,SVN,2018,11.890181,2210.0,2105931,81.38,Europe,0.979632516,2.905672547,5.593255353,213.42507934570312
551,Slovenia,SVN,2019,12.995835,2420.0,2112905,81.53,Europe,1.321423626,3.836130464,6.997527916,100.0
552,Slovenia,SVN,2020,12.968537,2420.0,2117648,80.53,Europe,1.31864791,3.809129498,7.156748387,2.313673973083496
553,Solomon Islands,SLB,2016,32.84659,65700.0,628110,72.42,Oceania,3.86684066,19.61320903,66.89483474,0.118030272424221
554,Solomon Islands,SLB,2017,29.940292,56430.0,643641,72.64,Oceania,3.5345359,18.4453239,63.71911881,0.1180551871657371
555,Solomon Islands,SLB,2018,29.229832,56420.0,659259,72.84,Oceania,3.44904122,18.21305901,63.64242903,0.1180551871657371
556,Solomon Islands,SLB,2019,28.549217,56420.0,675000,73.0,Oceania,3.368450315,18.10395196,59.88409471,0.1167500019073486
557,Solomon Islands,SLB,2020,27.884705,56420.0,691198,73.13,Oceania,3.28986837,18.33804967,60.70950284,0.1167500019073486
558,South Africa,ZAF,2016,6.1565304,617510.0,56422272,63.15,Africa,0.61814356,2.191568903,5.088296873,12.078817367553713
559,South Africa,ZAF,2017,6.481931,528750.0,56641208,63.54,Africa,0.64290892,2.267426812,5.314303111,12.056462287902832
560,South Africa,ZAF,2018,7.650012,565760.0,57339632,63.86,Africa,0.794633653,2.776706652,6.541489991,12.056462287902832
561,South Africa,ZAF,2019,6.5930533,452870.0,58087060,64.13,Africa,0.654970454,2.315296645,5.315019581,14.562800407409668
562,South Africa,ZAF,2020,6.515673,452870.0,58801928,64.38,Africa,0.64793632,2.341048284,5.455672912,15.45991039276123
563,South Korea,KOR,2016,54.90784,1872890.0,51309984,,Asia,5.82454371,17.72822567,35.28894676,1.6304926872253418
564,South Korea,KOR,2017,56.73846,1902850.0,51511640,,Asia,5.915976575,17.69739011,35.13223022,1.6336402893066406
565,South Korea,KOR,2018,56.849087,1962970.0,51676900,,Asia,5.905828845,17.6001725,33.8162251,1.6336402893066406
566,South Korea,KOR,2019,54.70221,1951840.0,51803832,,Asia,5.74229826,17.20930257,32.94677981,2.4304440021514893
567,South Korea,KOR,2020,54.656467,1951840.0,51844688,,Asia,5.73546838,17.14316623,32.89855168,2.455245018005371
568,Spain,ESP,2016,42.61684,1193280.0,46473320,83.33,Europe,4.567286975,11.85135939,19.27357097,8.729888916015625
569,Spain,ESP,2017,42.54731,1264820.0,46584168,83.28,Europe,4.51017506,11.66241364,18.86561682,8.374113082885742
570,Spain,ESP,2018,41.03296,1273540.0,46792044,83.43,Europe,4.505493205,11.44099191,18.45993154,8.374113082885742
571,Spain,ESP,2019,40.49808,1187830.0,47131372,83.83,Europe,4.55325747,11.48438848,18.08770615,12.688429832458496
572,Spain,ESP,2020,40.295116,1187830.0,47363808,82.33,Europe,4.532657965,11.54764145,18.29286143,12.758700370788574
573,Sri Lanka,LKA,2016,30.50305,550550.0,21425494,76.48,Asia,3.45933422,14.50668288,51.35566047,0.0747072100639343
574,Sri Lanka,LKA,2017,29.8056,532540.0,21506816,76.65,Asia,3.388495385,13.95245663,50.39999798,0.0746256560087204
575,Sri Lanka,LKA,2018,28.124054,540810.0,21580712,76.81,Asia,3.22069138,13.16214252,48.27772056,0.0746256560087204
576,Sri Lanka,LKA,2019,28.652054,539670.0,21649664,76.98,Asia,3.285875453,13.42538227,48.85088258,0.0746259987354278
577,Sri Lanka,LKA,2020,28.567335,539670.0,21715076,77.14,Asia,3.27533334,13.02418773,47.445257,0.0746259987354278
578,Sudan,SDN,2016,1.18396,44500.0,39377168,64.66,Africa,0.129274255,0.484362,1.778455163,15.964519500732422
579,Sudan,SDN,2017,1.1437322,47390.0,40679820,64.88,Africa,0.124506289,0.467997262,1.781037197,15.96435546875
580,Sudan,SDN,2018,1.2540879,51040.0,41999064,65.1,Africa,0.138049198,0.51581372,2.010581977,15.96435546875
581,Sudan,SDN,2019,1.1586645,50820.0,43232092,65.31,Africa,0.126512296,0.474126255,1.904243747,15.96444034576416
582,Sudan,SDN,2020,1.1248338,50820.0,44440484,65.53,Africa,0.122449017,0.464989075,1.886792468,15.96444034576416
583,Suriname,SUR,2016,16.528423,47120.0,581462,71.36,South America,1.691758393,7.814547822,18.64738002,1.5432796478271484
584,Suriname,SUR,2017,16.472363,47090.0,587566,71.46,South America,1.710244365,7.906367383,19.06077294,1.5432237386703491
585,Suriname,SUR,2018,16.298344,47090.0,593729,71.57,South America,1.692602674,7.428127971,16.93834318,1.5432237386703491
586,Suriname,SUR,2019,16.12482,47090.0,600305,71.68,South America,1.675528631,7.035772346,14.8171307,1.5432239770889282
587,Suriname,SUR,2020,15.944499,47090.0,607068,71.8,South America,1.654217595,7.005227848,15.23716688,1.5432239770889282
588,Sweden,SWE,2016,31.820452,224530.0,9953322,82.31,Europe,3.011825605,7.925961203,12.18088995,8.20425796508789
589,Sweden,SWE,2017,32.31029,247430.0,10058191,82.41,Europe,3.0732197,8.091227923,12.62924765,15.21318531036377
590,Sweden,SWE,2018,31.979717,247430.0,10162300,82.56,Europe,3.04082084,8.196563426,13.03746982,15.21318531036377
591,Sweden,SWE,2019,31.64983,247420.0,10267922,83.11,Europe,3.01113247,7.918191436,12.75695324,15.368610382080078
592,Sweden,SWE,2020,31.342962,247430.0,10368968,82.41,Europe,2.979139855,7.954437608,12.75300556,15.376230239868164
593,Syria,SYR,2016,1.4735936,7000.0,18964252,,Asia,0.157996864,0.675287399,2.311854563,0.245011568069458
594,Syria,SYR,2017,1.4319186,6720.0,18983370,,Asia,0.154494112,0.698158084,2.401635347,0.2469795495271682
595,Syria,SYR,2018,1.7441546,6300.0,19333464,,Asia,0.191944667,0.848776412,3.047232429,0.2469795495271682
596,Syria,SYR,2019,1.9025084,6340.0,20098252,,Asia,0.201504513,0.875420805,3.403141277,0.2469889968633651
597,Syria,SYR,2020,1.8366231,6340.0,20772602,,Asia,0.193730028,0.776627235,3.173803545,0.2469889968633651
598,Tanzania,TZA,2016,6.8356833,408950.0,54401804,63.84,Africa,0.815065039,3.795790125,21.44194824,2.495788335800171
599,Tanzania,TZA,2017,6.838931,434210.0,56267040,64.48,Africa,0.815523041,3.82250278,22.07293556,3.015031099319458
600,Tanzania,TZA,2018,6.6210165,434210.0,58090444,65.02,Africa,0.792583229,3.725262071,20.79851467,3.015031099319458
601,Tanzania,TZA,2019,6.423244,434210.0,59872584,65.46,Africa,0.767350012,3.696133738,19.69147005,3.015036106109619
602,Tanzania,TZA,2020,6.234363,434210.0,61704520,65.82,Africa,0.745558125,3.556379298,18.33188451,3.015036106109619
603,Thailand,THA,2016,26.511139,2411730.0,70607032,76.4,Asia,3.308715145,15.37441974,37.41935348,1.881452798843384
604,Thailand,THA,2017,28.817078,2369260.0,70898208,76.68,Asia,3.612970385,16.82987613,39.01500501,1.8813844919204712
605,Thailand,THA,2018,29.54661,2456000.0,71127808,76.93,Asia,3.822854875,17.29529322,40.36869776,1.8813844919204712
606,Thailand,THA,2019,28.540447,2506730.0,71307768,77.15,Asia,3.68863087,16.8869317,40.78014242,1.881386995315552
607,Thailand,THA,2020,28.476368,2506730.0,71475664,77.34,Asia,3.67849044,16.32394779,40.67796537,4.370124816894531
608,Togo,TGO,2016,11.782528,31990.0,7661361,60.22,Africa,1.14850243,5.712760207,36.89655306,0.1997306793928146
609,Togo,TGO,2017,12.322212,27050.0,7852799,60.49,Africa,1.216536715,6.116208219,38.37471823,0.199648305773735
610,Togo,TGO,2018,12.029562,27050.0,8046680,60.76,Africa,1.188053976,5.950887145,36.88888929,0.199648305773735
611,Togo,TGO,2019,11.746415,27050.0,8243093,61.04,Africa,1.159541855,5.578513008,36.08017851,0.1996490061283111
612,Togo,TGO,2020,11.463107,27050.0,8442583,61.34,Africa,1.131013492,5.578111345,37.17647029,0.1996490061283111
613,Trinidad and Tobago,TTO,2016,19.075663,13040.0,1469334,73.1,North America,2.012792026,6.965999678,13.7094903,0.0488136298954486
614,Trinidad and Tobago,TTO,2017,22.323849,12910.0,1478616,73.24,North America,2.34709308,8.15333512,15.86605103,0.0489089116454124
615,Trinidad and Tobago,TTO,2018,21.939487,12910.0,1504707,73.38,North America,2.306278963,8.128342128,15.932914,0.0489089116454124
616,Trinidad and Tobago,TTO,2019,21.723558,12910.0,1519960,73.51,North America,2.284598875,8.095916621,15.87153835,0.0489090010523796
617,Trinidad and Tobago,TTO,2020,21.746298,12910.0,1518142,73.63,North America,2.288016735,8.179959503,16.19818994,0.0489090010523796
618,Tunisia,TUN,2016,12.875282,131190.0,11685666,76.12,Africa,1.260491037,3.565364986,12.67755673,1.0399999618530271
619,Tunisia,TUN,2017,12.477002,132860.0,11811441,76.31,Africa,1.222436465,3.484391035,12.3483227,1.0355161428451538
620,Tunisia,TUN,2018,12.521521,127790.0,11933040,76.5,Africa,1.252248935,3.580459145,12.57995776,1.0355161428451538
621,Tunisia,TUN,2019,13.782108,130720.0,12049319,76.7,Africa,1.374522731,3.881164387,13.82258764,1.0355210304260254
622,Tunisia,TUN,2020,13.653629,130720.0,12161720,76.89,Africa,1.36205882,3.853100306,13.74865747,1.0355210304260254
623,Turkey,TUR,2016,4.8575034,585660.0,81019400,,Asia,0.507082017,1.308099064,3.968477221,0.1054992452263832
624,Turkey,TUR,2017,4.8517528,627800.0,82089824,,Asia,0.47969114,1.211845088,3.525980905,0.1055706441402435
625,Turkey,TUR,2018,5.4389997,626650.0,82809304,,Asia,0.544397172,1.363388582,3.89509232,0.1055706441402435
626,Turkey,TUR,2019,5.5765195,831660.0,83481688,,Asia,0.543510806,1.356148194,3.895424943,0.1055710017681121
627,Turkey,TUR,2020,5.5333605,831660.0,84135432,,Asia,0.53784867,1.310861531,3.711184149,0.1055710017681121
628,Turkmenistan,TKM,2016,3.039123,15050.0,5868568,67.84,Asia,0.327501689,1.02603708,2.519642391,2.994150400161743
629,Turkmenistan,TKM,2017,2.8363638,15050.0,5968388,67.96,Asia,0.306356238,0.972067045,2.391423864,2.9938628673553467
630,Turkmenistan,TKM,2018,2.787995,15050.0,6065072,68.07,Asia,0.302820644,0.98680438,2.496371633,2.9938628673553467
631,Turkmenistan,TKM,2019,2.7498846,15050.0,6158424,68.19,Asia,0.299351502,0.970762968,2.626699758,2.993856906890869
632,Turkmenistan,TKM,2020,2.7114358,15050.0,6250442,68.31,Asia,0.292323664,0.966802513,2.631578864,2.993856906890869
633,Ukraine,UKR,2016,10.4021845,97170.0,44833568,71.48,Europe,1.026554945,3.232462238,7.828983855,3.4150595664978027
634,Ukraine,UKR,2017,11.635731,113600.0,44657260,71.78,Europe,1.145392265,3.605769303,8.60420689,3.4151556491851807
635,Ukraine,UKR,2018,12.921315,96100.0,44446952,71.58,Europe,1.249923265,4.008856857,8.667170921,3.4151556491851807
636,Ukraine,UKR,2019,13.612713,101810.0,44211100,71.83,Europe,1.32206515,4.224208209,8.735301778,3.415150880813598
637,Ukraine,UKR,2020,13.704878,101810.0,43909664,71.19,Europe,1.33418377,4.190454466,8.905605384,3.415150880813598
638,United Arab Emirates,ARE,2016,27.16415,75690.0,8994266,77.47,Asia,2.52241499,8.096573079,20.22540325,4.269708156585693
639,United Arab Emirates,ARE,2017,27.671839,76260.0,9068297,77.65,Asia,2.634840283,8.464181167,21.13970664,11.27035427093506
640,United Arab Emirates,ARE,2018,27.448772,76250.0,9140172,77.81,Asia,2.61142681,8.355894624,18.53671891,11.27035427093506
641,United Arab Emirates,ARE,2019,27.238003,76250.0,9211660,77.97,Asia,2.593868047,8.238042536,19.49374393,11.270339965820312
642,United Arab Emirates,ARE,2020,27.017523,76250.0,9287286,78.12,Asia,2.56932709,7.94375724,18.67231753,11.480449676513672
643,United Kingdom,GBR,2016,19.99385,909060.0,65655204,81.16,Europe,2.288841635,5.954550161,10.56481824,20.23542213439941
644,United Kingdom,GBR,2017,18.917738,959210.0,66064808,81.26,Europe,2.2082646,5.757954465,10.28502765,28.873306274414062
645,United Kingdom,GBR,2018,17.969757,894820.0,66432996,81.26,Europe,2.062125535,5.378102636,9.627970801,28.873306274414062
646,United Kingdom,GBR,2019,18.202568,846800.0,66778660,81.2,Europe,2.10022241,5.583357858,9.895652321,29.16274070739746
647,United Kingdom,GBR,2020,18.130749,846800.0,67059472,80.9,Europe,2.091362984,5.410572397,9.770412108,44.20283126831055
648,United States,USA,2016,21.688387,5348160.0,327210208,78.54,North America,1.888084045,4.666903848,7.248581967,41.082916259765625
649,United States,USA,2017,22.080343,5475780.0,329791232,78.54,North America,1.95366688,4.805734972,7.4332649,41.05740737915039
650,United States,USA,2018,22.443901,5264770.0,332140032,78.64,North America,1.96622945,4.762733737,7.345239525,41.05740737915039
651,United States,USA,2019,22.569592,5349930.0,334319680,78.79,North America,1.97594648,4.734033321,7.263602583,41.05741882324219
652,United States,USA,2020,22.45492,5349930.0,335942016,77.28,North America,1.967194693,4.617202602,7.207800732,37.37319946289063
653,Uruguay,URY,2016,8.264697,51570.0,3413768,77.5,South America,0.907913118,3.052683491,5.935854546,0.7163830399513245
654,Uruguay,URY,2017,9.269903,61940.0,3422205,77.63,South America,0.971431659,3.198165719,6.073802683,0.716039776802063
655,Uruguay,URY,2018,9.258942,61940.0,3427044,77.77,South America,0.969773537,3.04638826,5.64585144,0.716039776802063
656,Uruguay,URY,2019,9.259116,61940.0,3428412,77.91,South America,0.969279035,2.917683922,5.089009628,0.7160400152206421
657,Uruguay,URY,2020,9.258993,61940.0,3429087,78.06,South America,0.968749968,2.962460468,5.384299197,0.7524229884147644
658,Vanuatu,VUT,2016,32.713028,43960.0,283239,70.02,Oceania,3.518591423,15.04139837,37.3429772,0.0077161341905593
659,Vanuatu,VUT,2017,30.680645,24800.0,290250,70.17,Oceania,3.39292101,14.09185725,35.7412987,0.007637346163392
660,Vanuatu,VUT,2018,29.946571,24800.0,297307,70.32,Oceania,3.309332725,14.02894266,34.85995721,0.007637346163392
661,Vanuatu,VUT,2019,29.247793,24800.0,304414,70.47,Oceania,3.232476865,13.93366366,36.54471394,0.0076370001770555
662,Vanuatu,VUT,2020,28.566442,24800.0,311694,70.62,Oceania,3.1578778,13.77903207,37.52136615,0.0076370001770555
663,Venezuela,VEN,2016,9.661786,310260.0,30741464,,South America,1.042016345,5.524238755,11.47989059,3.485976219177246
664,Venezuela,VEN,2017,9.446834,306570.0,30563430,,South America,1.02881017,5.206112217,13.5962878,3.4859650135040283
665,Venezuela,VEN,2018,9.743399,303080.0,29825652,,South America,1.046398425,5.996758739,12.93141153,3.4859650135040283
666,Venezuela,VEN,2019,10.00998,301530.0,28971686,,South America,1.070585588,5.619460838,13.07017572,3.485964059829712
667,Venezuela,VEN,2020,10.180481,301530.0,28490458,,South America,1.089261616,5.47819716,13.56624323,4.349997997283936
668,Vietnam,VNM,2016,36.18844,6698010.0,93126528,75.17,Asia,3.65544434,12.35731968,34.22680252,0.5608497262001038
669,Vietnam,VNM,2017,37.947826,7098530.0,94033048,75.24,Asia,3.80056761,12.61579795,35.45734962,0.5608908534049988
670,Vietnam,VNM,2018,38.383762,7489680.0,94914328,75.32,Asia,3.905771925,12.69556991,34.94411584,0.5608908534049988
671,Vietnam,VNM,2019,40.205673,7871290.0,95776712,75.4,Asia,4.12828286,13.37063895,35.4594261,0.5608909726142883
672,Vietnam,VNM,2020,39.84239,7871290.0,96648680,75.49,Asia,4.091448885,13.08488242,33.03651097,0.5608909726142883
673,Yemen,YEM,2016,3.6565514,154450.0,29274010,,Asia,0.409877115,2.414205786,12.72344889,0.4675063192844391
674,Yemen,YEM,2017,2.9378643,131290.0,30034386,,Asia,0.33827143,1.96502245,10.85776295,0.4675734937191009
675,Yemen,YEM,2018,2.8692894,131290.0,30790514,,Asia,0.331078999,1.916683072,9.969481303,0.4675734937191009
676,Yemen,YEM,2019,2.800947,131290.0,31546694,,Asia,0.320537416,1.777694615,8.612874076,0.4675729870796203
677,Yemen,YEM,2020,2.7346277,131290.0,32284044,,Asia,0.313604533,1.716500506,8.370837135,0.4675729870796203
